type	FBbt_id
AN00A002	FBbt:20007683
AN00A006	FBbt:20007684
AN00A009	FBbt:20007685
AN01A001	FBbt:20007686
AN01A006	FBbt:20007687
AN01A014	FBbt:20007688
AN01A021	FBbt:20007689
AN01A033	FBbt:20007690
AN01A049	FBbt:20007691
AN01A055	FBbt:20007692
AN01A086	FBbt:20007693
AN01B002	FBbt:20007694
AN01B004	FBbt:20007695
AN01B005	FBbt:20007696
AN01B011	FBbt:20007697
AN01B014	FBbt:20007698
AN01B018	FBbt:20007699
AN02A001	FBbt:20007700
AN02A002	FBbt:20007701
AN02A005	FBbt:20007702
AN02A009	FBbt:20007703
AN02A016	FBbt:20007704
AN02A017	FBbt:20007705
AN02A022	FBbt:20007706
AN02A025	FBbt:20007707
AN02A046	FBbt:20007708
AN03A002	FBbt:20007709
AN03A008	FBbt:20007710
AN03B009	FBbt:20007711
AN03B011	FBbt:20007712
AN03B039	FBbt:20007713
AN03B050	FBbt:20007714
AN03B094	FBbt:20007715
AN03B095	FBbt:20007716
AN04A001	FBbt:20007717
AN04B001	FBbt:20007718
AN04B003	FBbt:20007719
AN04B004	FBbt:20007720
AN04B023	FBbt:20007721
AN04B051	FBbt:20007722
AN05B004	FBbt:20007723
AN05B005	FBbt:20007724
AN05B006	FBbt:20007725
AN05B007	FBbt:20007726
AN05B009	FBbt:20007727
AN05B010	FBbt:20007728
AN05B015	FBbt:20007729
AN05B017	FBbt:20007730
AN05B021	FBbt:20007731
AN05B024	FBbt:20007732
AN05B025	FBbt:20007733
AN05B026	FBbt:20007734
AN05B027	FBbt:20007735
AN05B029	FBbt:20007736
AN05B035	FBbt:20007737
AN05B036	FBbt:20007738
AN05B040	FBbt:20007739
AN05B044	FBbt:20007740
AN05B045	FBbt:20007741
AN05B046	FBbt:20007742
AN05B047	FBbt:20007743
AN05B048	FBbt:20007744
AN05B049	FBbt:20007745
AN05B050	FBbt:20007746
AN05B052	FBbt:20007747
AN05B053	FBbt:20007748
AN05B054	FBbt:20007749
AN05B056	FBbt:20007750
AN05B058	FBbt:20007751
AN05B059	FBbt:20007752
AN05B060	FBbt:20007753
AN05B062	FBbt:20007754
AN05B063	FBbt:20007755
AN05B067	FBbt:20007756
AN05B068	FBbt:20007757
AN05B069	FBbt:20007758
AN05B071	FBbt:20007759
AN05B076	FBbt:20007760
AN05B078	FBbt:20007761
AN05B081	FBbt:20007762
AN05B083	FBbt:20007763
AN05B094	FBbt:20007764
AN05B095	FBbt:20007765
AN05B096	FBbt:20007766
AN05B097	FBbt:20007767
AN05B098	FBbt:20007768
AN05B099	FBbt:20007769
AN05B100	FBbt:20007770
AN05B101	FBbt:20007771
AN05B102	FBbt:20007772
AN05B103	FBbt:20007773
AN05B104	FBbt:20007774
AN05B105	FBbt:20007775
AN05B106	FBbt:20007776
AN06A010	FBbt:20007777
AN06A015	FBbt:20007778
AN06A016	FBbt:20007779
AN06A017	FBbt:20007780
AN06A018	FBbt:20007781
AN06A026	FBbt:20007782
AN06A027	FBbt:20007783
AN06A030	FBbt:20007784
AN06A041	FBbt:20007785
AN06A060	FBbt:20007786
AN06A062	FBbt:20007787
AN06A080	FBbt:20007788
AN06A092	FBbt:20007789
AN06A095	FBbt:20007790
AN06A112	FBbt:20007791
AN06B002	FBbt:20007792
AN06B004	FBbt:20007793
AN06B005	FBbt:20007794
AN06B007	FBbt:20007795
AN06B009	FBbt:20007796
AN06B011	FBbt:20007797
AN06B012	FBbt:20007798
AN06B014	FBbt:20007799
AN06B015	FBbt:20007800
AN06B023	FBbt:20007801
AN06B026	FBbt:20007803
AN06B031	FBbt:20007804
AN06B034	FBbt:20007805
AN06B037	FBbt:20007806
AN06B039	FBbt:20007807
AN06B040	FBbt:20007808
AN06B042	FBbt:20007809
AN06B044	FBbt:20007810
AN06B045	FBbt:20007811
AN06B046	FBbt:20007812
AN06B048	FBbt:20007813
AN06B051	FBbt:20007814
AN06B057	FBbt:20007815
AN06B068	FBbt:20007816
AN06B075	FBbt:20007817
AN07B003	FBbt:20007818
AN07B004	FBbt:20007819
AN07B005	FBbt:20007820
AN07B011	FBbt:20007821
AN07B013	FBbt:20007822
AN07B015	FBbt:20007823
AN07B017	FBbt:20007824
AN07B018	FBbt:20007825
AN07B021	FBbt:20007826
AN07B024	FBbt:20007827
AN07B025	FBbt:20007828
AN07B032	FBbt:20007829
AN07B035	FBbt:20007830
AN07B036	FBbt:20007831
AN07B037	FBbt:20007832
AN07B040	FBbt:20007833
AN07B041	FBbt:20007834
AN07B042	FBbt:20007835
AN07B043	FBbt:20007836
AN07B045	FBbt:20007837
AN07B046	FBbt:20007838
AN07B049	FBbt:20007839
AN07B050	FBbt:20007840
AN07B051	FBbt:20007841
AN07B052	FBbt:20007842
AN07B056	FBbt:20007843
AN07B057	FBbt:20007844
AN07B060	FBbt:20007845
AN07B062	FBbt:20007846
AN07B063	FBbt:20007847
AN07B069	FBbt:20007848
AN07B070	FBbt:20007849
AN07B071	FBbt:20007850
AN07B072	FBbt:20007851
AN07B076	FBbt:20007852
AN07B078	FBbt:20007853
AN07B082	FBbt:20007854
AN07B085	FBbt:20007855
AN07B088	FBbt:20007856
AN07B089	FBbt:20007857
AN07B091	FBbt:20007858
AN07B095	FBbt:20007859
AN07B097	FBbt:20007860
AN07B100	FBbt:20007861
AN07B101	FBbt:20007862
AN08B005	FBbt:20007863
AN08B007	FBbt:20007864
AN08B009	FBbt:20007865
AN08B010	FBbt:20007866
AN08B012	FBbt:20007867
AN08B013	FBbt:20007868
AN08B014	FBbt:20007869
AN08B015	FBbt:20007870
AN08B016	FBbt:20007871
AN08B018	FBbt:20007872
AN08B020	FBbt:20007873
AN08B022	FBbt:20007874
AN08B023	FBbt:20007875
AN08B024	FBbt:20007876
AN08B025	FBbt:20007877
AN08B026	FBbt:20007878
AN08B027	FBbt:20007879
AN08B028	FBbt:20007880
AN08B032	FBbt:20007881
AN08B034	FBbt:20007882
AN08B035	FBbt:20007883
AN08B041	FBbt:20007884
AN08B047	FBbt:20007885
AN08B048	FBbt:20007886
AN08B049	FBbt:20007887
AN08B050	FBbt:20007888
AN08B053	FBbt:20007889
AN08B057	FBbt:20007890
AN08B061	FBbt:20007891
AN08B066	FBbt:20007892
AN08B071	FBbt:20007893
AN08B074	FBbt:20007894
AN08B079	FBbt:20007895
AN08B081	FBbt:20007896
AN08B084	FBbt:20007897
AN08B086	FBbt:20007898
AN08B089	FBbt:20007899
AN08B094	FBbt:20007900
AN08B095	FBbt:20007901
AN08B096	FBbt:20007902
AN08B097	FBbt:20007903
AN08B098	FBbt:20007904
AN08B099	FBbt:20007905
AN08B100	FBbt:20007906
AN08B101	FBbt:20007907
AN08B102	FBbt:20007908
AN08B103	FBbt:20007909
AN08B106	FBbt:20007910
AN08B107	FBbt:20007911
AN08B109	FBbt:20007912
AN08B110	FBbt:20007913
AN08B111	FBbt:20007914
AN08B112	FBbt:20007915
AN08B113	FBbt:20007916
AN09A005	FBbt:20007917
AN09A007	FBbt:20007918
AN09B001	FBbt:20007919
AN09B002	FBbt:20007920
AN09B003	FBbt:20007921
AN09B004	FBbt:20007922
AN09B006	FBbt:20007923
AN09B007	FBbt:20007924
AN09B009	FBbt:20007925
AN09B011	FBbt:20007926
AN09B012	FBbt:20007927
AN09B013	FBbt:20007928
AN09B014	FBbt:20007929
AN09B015	FBbt:20007930
AN09B016	FBbt:20007931
AN09B018	FBbt:20007932
AN09B019	FBbt:20007933
AN09B020	FBbt:20007934
AN09B021	FBbt:20007935
AN09B023	FBbt:20007936
AN09B024	FBbt:20007937
AN09B026	FBbt:20007938
AN09B027	FBbt:20007939
AN09B028	FBbt:20007940
AN09B029	FBbt:20007941
AN09B030	FBbt:20007942
AN09B031	FBbt:20007943
AN09B032	FBbt:20007944
AN09B033	FBbt:20007945
AN09B034	FBbt:20007946
AN09B035	FBbt:20007947
AN09B036	FBbt:20007948
AN09B037	FBbt:20007949
AN09B040	FBbt:20007950
AN09B042	FBbt:20007951
AN09B044	FBbt:20007952
AN10B005	FBbt:20007953
AN10B008	FBbt:20007954
AN10B009	FBbt:20007955
AN10B015	FBbt:20007956
AN10B017	FBbt:20007957
AN10B018	FBbt:20007958
AN10B019	FBbt:20007959
AN10B020	FBbt:20007960
AN10B021	FBbt:20007961
AN10B022	FBbt:20007962
AN10B024	FBbt:20007963
AN10B026	FBbt:20007964
AN10B027	FBbt:20007965
AN10B029	FBbt:20007966
AN10B031	FBbt:20007967
AN10B033	FBbt:20007968
AN10B034	FBbt:20007969
AN10B035	FBbt:20007970
AN10B037	FBbt:20007971
AN10B039	FBbt:20007972
AN10B045	FBbt:20007973
AN10B046	FBbt:20007974
AN10B047	FBbt:20007975
AN10B048	FBbt:20007976
AN10B049	FBbt:20007977
AN10B051	FBbt:20007978
AN10B053	FBbt:20007979
AN10B056	FBbt:20007980
AN10B060	FBbt:20007981
AN10B061	FBbt:20007982
AN11B008	FBbt:20007983
AN11B012	FBbt:20007984
AN12A003	FBbt:20007985
AN12A017	FBbt:20007986
AN12B001	FBbt:20007987
AN12B004	FBbt:20007988
AN12B005	FBbt:20007989
AN12B006	FBbt:20007990
AN12B008	FBbt:20007991
AN12B011	FBbt:20007992
AN12B017	FBbt:20007993
AN12B019	FBbt:20007994
AN12B055	FBbt:20007995
AN12B060	FBbt:20007996
AN12B076	FBbt:20007997
AN12B080	FBbt:20007998
AN12B089	FBbt:20007999
AN13B002	FBbt:20008000
AN14A003	FBbt:20008001
AN14B012	FBbt:20008002
AN16B078	FBbt:20008003
AN16B081	FBbt:20008004
AN16B112	FBbt:20008005
AN16B116	FBbt:20008006
AN17A002	FBbt:20008007
AN17A003	FBbt:20008008
AN17A004	FBbt:20008009
AN17A008	FBbt:20008010
AN17A009	FBbt:20008011
AN17A012	FBbt:20008012
AN17A013	FBbt:20008013
AN17A014	FBbt:20008014
AN17A015	FBbt:20008015
AN17A018	FBbt:20008016
AN17A024	FBbt:20008017
AN17A026	FBbt:20008018
AN17A031	FBbt:20008019
AN17A047	FBbt:20008020
AN17A050	FBbt:20008021
AN17A062	FBbt:20008022
AN17A068	FBbt:20008023
AN17A073	FBbt:20008024
AN17A076	FBbt:20008025
AN17B002	FBbt:20008026
AN17B005	FBbt:20008027
AN17B007	FBbt:20008028
AN17B008	FBbt:20008029
AN17B009	FBbt:20008030
AN17B011	FBbt:20008031
AN17B012	FBbt:20008032
AN17B013	FBbt:20008033
AN17B016	FBbt:20008034
AN18B001	FBbt:20008035
AN18B002	FBbt:20008036
AN18B003	FBbt:20008037
AN18B004	FBbt:20008038
AN18B019	FBbt:20008039
AN18B020	FBbt:20008040
AN18B022	FBbt:20008041
AN18B023	FBbt:20008042
AN18B025	FBbt:20008043
AN18B032	FBbt:20008044
AN18B053	FBbt:20008045
AN19A018	FBbt:20008046
AN19A019	FBbt:20008047
AN19A038	FBbt:20008048
AN19B001	FBbt:20008049
AN19B004	FBbt:20008050
AN19B009	FBbt:20008051
AN19B010	FBbt:20008052
AN19B014	FBbt:20008053
AN19B015	FBbt:20008054
AN19B017	FBbt:20008055
AN19B018	FBbt:20008056
AN19B019	FBbt:20008057
AN19B022	FBbt:20008058
AN19B024	FBbt:20008059
AN19B025	FBbt:20008060
AN19B028	FBbt:20008061
AN19B032	FBbt:20008062
AN19B036	FBbt:20008063
AN19B039	FBbt:20008064
AN19B042	FBbt:20008065
AN19B044	FBbt:20008066
AN19B046	FBbt:20008067
AN19B049	FBbt:20008068
AN19B051	FBbt:20008069
AN19B059	FBbt:20008070
AN19B060	FBbt:20008071
AN19B061	FBbt:20008072
AN19B063	FBbt:20008073
AN19B065	FBbt:20008074
AN19B074	FBbt:20008075
AN19B076	FBbt:20008076
AN19B079	FBbt:20008077
AN19B093	FBbt:20008078
AN19B098	FBbt:20008079
AN19B099	FBbt:20008080
AN19B100	FBbt:20008081
AN19B101	FBbt:20008082
AN19B102	FBbt:20008083
AN19B104	FBbt:20008084
AN19B106	FBbt:20008085
AN23B001	FBbt:20008086
AN23B002	FBbt:20008087
AN23B003	FBbt:20008088
AN23B004	FBbt:20008089
AN23B010	FBbt:20008090
AN23B026	FBbt:20008091
AN26X004	FBbt:20008092
AN27X003	FBbt:20004627
AN27X008	FBbt:20008093
AN27X009	FBbt:20008094
AN27X011	FBbt:20008095
AN27X013	FBbt:20008096
AN27X015	FBbt:20008097
AN27X016	FBbt:20008098
AN27X017	FBbt:20008099
AN27X018	FBbt:20008100
AN27X019	FBbt:20008101
ANXXX002	FBbt:20008102
ANXXX005	FBbt:20008103
ANXXX006	FBbt:20008104
ANXXX007	FBbt:20008105
ANXXX008	FBbt:20008106
ANXXX013	FBbt:20008107
ANXXX019	FBbt:20008108
ANXXX023	FBbt:20008109
ANXXX024	FBbt:20008110
ANXXX026	FBbt:20008111
ANXXX027	FBbt:20008112
ANXXX030	FBbt:20008113
ANXXX033	FBbt:20008114
ANXXX037	FBbt:20008115
ANXXX041	FBbt:20008116
ANXXX043	FBbt:20008117
ANXXX046	FBbt:20008118
ANXXX049	FBbt:20008119
ANXXX050	FBbt:20008120
ANXXX055	FBbt:20008121
ANXXX057	FBbt:20008122
ANXXX068	FBbt:20008123
ANXXX071	FBbt:20008124
ANXXX072	FBbt:20008125
ANXXX074	FBbt:20008126
ANXXX075	FBbt:20008127
ANXXX082	FBbt:20008128
ANXXX084	FBbt:20008129
ANXXX086	FBbt:20008130
ANXXX090	FBbt:20008131
ANXXX092	FBbt:20008132
ANXXX093	FBbt:20008133
ANXXX094	FBbt:20008134
ANXXX098	FBbt:20008135
ANXXX099	FBbt:20008136
ANXXX102	FBbt:20008137
ANXXX106	FBbt:20008138
ANXXX108	FBbt:20008139
ANXXX109	FBbt:20008140
ANXXX116	FBbt:20008141
ANXXX120	FBbt:20008142
ANXXX127	FBbt:20008143
ANXXX130	FBbt:20008144
ANXXX131	FBbt:20008145
ANXXX132	FBbt:20008146
ANXXX136	FBbt:20008147
ANXXX139	FBbt:20008148
ANXXX144	FBbt:20008149
ANXXX145	FBbt:20008150
ANXXX148	FBbt:20008151
ANXXX150	FBbt:20008152
ANXXX151	FBbt:20008153
ANXXX152	FBbt:20008154
ANXXX154	FBbt:20008155
ANXXX157	FBbt:20008156
ANXXX165	FBbt:20008157
ANXXX169	FBbt:20008158
ANXXX170	FBbt:20008159
ANXXX171	FBbt:20008160
ANXXX174	FBbt:20008161
ANXXX178	FBbt:20008162
ANXXX191	FBbt:20008163
ANXXX196	FBbt:20008164
ANXXX200	FBbt:20008165
ANXXX202	FBbt:20008166
ANXXX214	FBbt:20008167
ANXXX218	FBbt:20008168
ANXXX250	FBbt:20008169
ANXXX254	FBbt:20008170
ANXXX255	FBbt:20008171
ANXXX264	FBbt:20008172
ANXXX296	FBbt:20008173
ANXXX308	FBbt:20008174
ANXXX313	FBbt:20008175
ANXXX318	FBbt:20008176
ANXXX323	FBbt:20008177
ANXXX338	FBbt:20008178
ANXXX362	FBbt:20008179
ANXXX368	FBbt:20008180
ANXXX380	FBbt:20008181
ANXXX404	FBbt:20008182
ANXXX410	FBbt:20008183
ANXXX433	FBbt:20008184
ANXXX434	FBbt:20008185
ANXXX445	FBbt:20008186
ANXXX453	FBbt:20008187
ANXXX462	FBbt:20008188
ANXXX470	FBbt:20008189
DNa13	FBbt:20011336
DNa14	FBbt:20011338
DNa15	FBbt:20011334
DNa16	FBbt:20011335
DNad001	FBbt:20008190
DNad005	FBbt:20008191
DNb07	FBbt:20011360
DNb08	FBbt:20011340
DNd05	FBbt:20011339
DNfl012	FBbt:20008192
DNfl014	FBbt:20008194
DNfl015	FBbt:20008195
DNfl016	FBbt:20008196
DNfl017	FBbt:20008197
DNfl018	FBbt:20008198
DNfl019	FBbt:20008199
DNfl020	FBbt:20008200
DNfl022	FBbt:20008201
DNfl023	FBbt:20008202
DNfl024	FBbt:20008203
DNfl025	FBbt:20008204
DNfl026	FBbt:20008205
DNfl027	FBbt:20008206
DNfl028	FBbt:20008207
DNfl029	FBbt:20008208
DNfl030	FBbt:20008209
DNfl031	FBbt:20008210
DNfl032	FBbt:20008211
DNfl033	FBbt:20008212
DNfl034	FBbt:20008213
DNfl035	FBbt:20008214
DNfl036	FBbt:20008215
DNfl037	FBbt:20008216
DNfl038	FBbt:20008217
DNfl039	FBbt:20008218
DNfl040	FBbt:20008219
DNfl041	FBbt:20008220
DNfl042	FBbt:20008221
DNfl043	FBbt:20008222
DNfl044	FBbt:20008223
DNfl045	FBbt:20008224
DNg52	FBbt:20004631
DNg92	FBbt:20011333
DNht001	FBbt:20008225
DNit003	FBbt:20008226
DNit004	FBbt:20008227
DNit005	FBbt:20008228
DNit006	FBbt:20008229
DNit007	FBbt:20008230
DNit008	FBbt:20008231
DNit009	FBbt:20008232
DNit010	FBbt:20008233
DNit011	FBbt:20008234
DNit012	FBbt:20008235
DNit013	FBbt:20008236
DNlt009	FBbt:20008237
DNlt010	FBbt:20008238
DNlt011	FBbt:20008239
DNml001	FBbt:20008240
DNnt007	FBbt:20008241
DNnt008	FBbt:20008242
DNnt009	FBbt:20008243
DNnt010	FBbt:20008244
DNnt011	FBbt:20008245
DNnt012	FBbt:20008246
DNnt013	FBbt:20008247
DNnt014	FBbt:20008248
DNnt015	FBbt:20008249
DNnt016	FBbt:20008250
DNnt017	FBbt:20008251
DNnt018	FBbt:20008252
DNnt019	FBbt:20008253
DNnt020	FBbt:20008254
DNnt021	FBbt:20008255
DNnt022	FBbt:20008256
DNp103	FBbt:20011331
DNp39	FBbt:20011342
DNp41	FBbt:20011345
DNp45	FBbt:20011346
DNp46	FBbt:20011347
DNp47	FBbt:20011348
DNp48	FBbt:20011349
DNp51	FBbt:20011350
DNp53	FBbt:20011351
DNp55	FBbt:20011352
DNp56	FBbt:20011330
DNp57	FBbt:20011353
DNp59	FBbt:20011332
DNp60	FBbt:20011354
DNp62	FBbt:20011355
DNp63	FBbt:20011356
DNp64	FBbt:20011357
DNp67	FBbt:20011343
DNp68	FBbt:20011358
DNp69	FBbt:20011359
DNp70	FBbt:20011361
DNp71	FBbt:20011344
DNut034	FBbt:20008257
DNut036	FBbt:20008258
DNut037	FBbt:20008259
DNut039	FBbt:20008260
DNut040	FBbt:20008261
DNut041	FBbt:20008262
DNut042	FBbt:20008263
DNut043	FBbt:20008264
DNut044	FBbt:20008265
DNut045	FBbt:20008266
DNut046	FBbt:20008267
DNut047	FBbt:20008268
DNut048	FBbt:20008269
DNut049	FBbt:20008270
DNut050	FBbt:20008271
DNut051	FBbt:20008272
DNut052	FBbt:20008273
DNut053	FBbt:20008274
DNut054	FBbt:20008275
DNut057	FBbt:20008276
DNut058	FBbt:20008277
DNut059	FBbt:20008278
DNut060	FBbt:20008279
DNut061	FBbt:20008280
DNut062	FBbt:20008281
DNxl021	FBbt:20008282
DNxl022	FBbt:20008283
DNxl049	FBbt:20008284
DNxl053	FBbt:20008285
DNxl056	FBbt:20008286
DNxl063	FBbt:20008287
DNxl065	FBbt:20008288
DNxl066	FBbt:20008289
DNxl067	FBbt:20008290
DNxl068	FBbt:20008291
DNxl070	FBbt:20008292
DNxl072	FBbt:20008294
DNxl073	FBbt:20008295
DNxl074	FBbt:20008296
DNxl075	FBbt:20008297
DNxl076	FBbt:20008298
DNxl077	FBbt:20008299
DNxl078	FBbt:20008300
DNxl079	FBbt:20008301
DNxl080	FBbt:20008302
DNxl081	FBbt:20008303
DNxl082	FBbt:20008304
DNxl083	FBbt:20008305
DNxl084	FBbt:20008306
DNxl085	FBbt:20008307
DNxl086	FBbt:20008308
DNxl087	FBbt:20008309
DNxl088	FBbt:20008310
DNxl090	FBbt:20008311
DNxl091	FBbt:20008312
DNxl092	FBbt:20008313
DNxl093	FBbt:20008314
DNxl094	FBbt:20008315
DNxl095	FBbt:20008316
DNxl096	FBbt:20008317
DNxl097	FBbt:20008318
DNxl098	FBbt:20008319
DNxl099	FBbt:20008320
DNxl100	FBbt:20008321
DNxl101	FBbt:20008322
DNxl102	FBbt:20008323
DNxl103	FBbt:20008324
DNxl104	FBbt:20008325
DNxl105	FBbt:20008326
DNxl106	FBbt:20008327
DNxl107	FBbt:20008328
DNxl108	FBbt:20008329
DNxl109	FBbt:20008330
DNxl110	FBbt:20008331
DNxl111	FBbt:20008332
DNxl112	FBbt:20008333
DNxl113	FBbt:20008334
DNxl114	FBbt:20008335
DNxl115	FBbt:20008336
DNxl116	FBbt:20008337
DNxl117	FBbt:20008338
DNxl118	FBbt:20008339
DNxl119	FBbt:20008340
DNxl120	FBbt:20008341
DNxl121	FBbt:20008342
DNxl122	FBbt:20008343
DNxl123	FBbt:20008344
DNxl124	FBbt:20008345
DNxl125	FBbt:20008346
DNxl126	FBbt:20008347
DNxl127	FBbt:20008348
DNxl128	FBbt:20008349
DNxl129	FBbt:20008350
DNxl130	FBbt:20008351
DNxl131	FBbt:20008352
DNxl132	FBbt:20008353
DNxl133	FBbt:20008354
DNxl134	FBbt:20008355
DNxl135	FBbt:20008356
DNxn071	FBbt:20008357
DNxn073	FBbt:20008358
DNxn100	FBbt:20008359
DNxn101	FBbt:20008360
DNxn102	FBbt:20008361
DNxn103	FBbt:20008362
DNxn104	FBbt:20008363
DNxn105	FBbt:20008364
DNxn106	FBbt:20008365
DNxn107	FBbt:20008366
DNxn108	FBbt:20008367
DNxn109	FBbt:20008368
DNxn110	FBbt:20008369
DNxn111	FBbt:20008370
DNxn112	FBbt:20008371
DNxn113	FBbt:20008372
DNxn114	FBbt:20008373
DNxn115	FBbt:20008374
DNxn116	FBbt:20008375
DNxn117	FBbt:20008376
DNxn118	FBbt:20008377
DNxn119	FBbt:20008378
DNxn121	FBbt:20008379
DNxn122	FBbt:20008380
DNxn123	FBbt:20008381
DNxn124	FBbt:20008382
DNxn125	FBbt:20008383
DNxn126	FBbt:20008384
DNxn127	FBbt:20008385
DNxn128	FBbt:20008386
DNxn129	FBbt:20008387
DNxn130	FBbt:20008388
DNxn131	FBbt:20008389
DNxn132	FBbt:20008390
DNxn133	FBbt:20008391
DNxn134	FBbt:20008392
DNxn135	FBbt:20008393
DNxn136	FBbt:20008394
DNxn137	FBbt:20008395
DNxn138	FBbt:20008396
DNxn139	FBbt:20008397
DNxn140	FBbt:20008398
DNxn141	FBbt:20008399
DNxn142	FBbt:20008400
DNxn143	FBbt:20008401
DNxn144	FBbt:20008402
DNxn145	FBbt:20008403
DNxn146	FBbt:20008404
DNxn147	FBbt:20008405
DNxn148	FBbt:20008406
DNxn149	FBbt:20008407
DNxn150	FBbt:20008408
DNxn151	FBbt:20008409
DNxn152	FBbt:20008410
DNxn153	FBbt:20008411
DNxn154	FBbt:20008412
DNxn155	FBbt:20008413
DNxn156	FBbt:20008414
DNxn157	FBbt:20008415
DNxn158	FBbt:20008416
DNxn159	FBbt:20008417
DNxn160	FBbt:20008418
DNxn161	FBbt:20008419
DNxn162	FBbt:20008420
DNxn163	FBbt:20008421
DNxn164	FBbt:20008422
DNxn165	FBbt:20008423
DNxn166	FBbt:20008424
DNxn167	FBbt:20008425
DNxn168	FBbt:20008426
DNxn169	FBbt:20008427
DNxn170	FBbt:20008428
DNxn171	FBbt:20008429
DNxn172	FBbt:20008430
DNxn173	FBbt:20008431
DNxn174	FBbt:20008432
DNxn175	FBbt:20008433
DNxn176	FBbt:20008434
DNxn177	FBbt:20008435
DNxn178	FBbt:20008436
DNxn179	FBbt:20008437
DNxn180	FBbt:20008438
DNxn181	FBbt:20008439
DNxn182	FBbt:20008440
DNxn183	FBbt:20008441
DNxn184	FBbt:20008442
DNxn185	FBbt:20008443
DNxn186	FBbt:20008444
DNxn187	FBbt:20008445
DNxn188	FBbt:20008446
DNxn189	FBbt:20008447
DNxn190	FBbt:20008448
DNxn191	FBbt:20008449
DNxn192	FBbt:20008450
DNxn193	FBbt:20008451
EA00B006	FBbt:20008452
EA00B022	FBbt:20008453
EA06B010	FBbt:20008454
EA27X006	FBbt:20008455
EN00B002	FBbt:20008456
EN00B003	FBbt:20008457
EN00B004	FBbt:20008458
EN00B009	FBbt:20008459
EN00B010	FBbt:20008460
EN00B012	FBbt:20008461
EN00B013	FBbt:20008462
EN00B014	FBbt:20008463
EN00B016	FBbt:20008464
EN00B018	FBbt:20008465
EN00B019	FBbt:20008466
EN00B020	FBbt:20008467
EN00B021	FBbt:20008468
EN00B024	FBbt:20008469
EN00B027	FBbt:20008470
EN21X001	FBbt:20008471
EN27X010	FBbt:20008472
ENXXX012	FBbt:20008473
ENXXX128	FBbt:20008474
ENXXX226	FBbt:20008475
ENXXX286	FBbt:20008476
IN00A001	FBbt:20008477
IN00A002	FBbt:20008478
IN00A003	FBbt:20008479
IN00A004	FBbt:20008480
IN00A005	FBbt:20008481
IN00A007	FBbt:20008482
IN00A008	FBbt:20008483
IN00A009	FBbt:20008484
IN00A010	FBbt:20008485
IN00A011	FBbt:20008486
IN00A012	FBbt:20008487
IN00A013	FBbt:20008488
IN00A014	FBbt:20008489
IN00A016	FBbt:20008490
IN00A017	FBbt:20008491
IN00A018	FBbt:20008492
IN00A019	FBbt:20008493
IN00A020	FBbt:20008494
IN00A021	FBbt:20008495
IN00A022	FBbt:20008496
IN00A024	FBbt:20008497
IN00A025	FBbt:20008498
IN00A026	FBbt:20008499
IN00A027	FBbt:20008500
IN00A028	FBbt:20008501
IN00A029	FBbt:20008502
IN00A030	FBbt:20008503
IN00A031	FBbt:20008504
IN00A032	FBbt:20008505
IN00A033	FBbt:20008506
IN00A034	FBbt:20008507
IN00A035	FBbt:20008508
IN00A036	FBbt:20008509
IN00A037	FBbt:20008510
IN00A038	FBbt:20008511
IN00A039	FBbt:20008512
IN00A040	FBbt:20008513
IN00A041	FBbt:20008514
IN00A042	FBbt:20008515
IN00A043	FBbt:20008516
IN00A044	FBbt:20008517
IN00A045	FBbt:20008518
IN00A046	FBbt:20008519
IN00A047	FBbt:20008520
IN00A048	FBbt:20008521
IN00A049	FBbt:20008522
IN00A050	FBbt:20008523
IN00A051	FBbt:20008524
IN00A052	FBbt:20008525
IN00A053	FBbt:20008526
IN00A054	FBbt:20008527
IN00A055	FBbt:20008528
IN00A056	FBbt:20008529
IN00A057	FBbt:20008530
IN00A058	FBbt:20008531
IN00A059	FBbt:20008532
IN00A060	FBbt:20008533
IN00A061	FBbt:20008534
IN00A062	FBbt:20008535
IN00A063	FBbt:20008536
IN00A064	FBbt:20008537
IN00A065	FBbt:20008538
IN00A066	FBbt:20008539
IN00A067	FBbt:20008540
IN00A068	FBbt:20008541
IN00A069	FBbt:20008542
IN00A070	FBbt:20008543
IN00A071	FBbt:20008544
IN01A001	FBbt:20008545
IN01A002	FBbt:20008546
IN01A003	FBbt:20008547
IN01A004	FBbt:20008548
IN01A005	FBbt:20008549
IN01A007	FBbt:20008550
IN01A008	FBbt:20008551
IN01A009	FBbt:20008552
IN01A010	FBbt:20008553
IN01A011	FBbt:20008554
IN01A012	FBbt:20008555
IN01A013	FBbt:20008556
IN01A015	FBbt:20008557
IN01A016	FBbt:20008558
IN01A017	FBbt:20008559
IN01A018	FBbt:20008560
IN01A019	FBbt:20008561
IN01A020	FBbt:20008562
IN01A022	FBbt:20008563
IN01A023	FBbt:20008564
IN01A024	FBbt:20008565
IN01A025	FBbt:20008566
IN01A026	FBbt:20008567
IN01A027	FBbt:20008568
IN01A028	FBbt:20008569
IN01A029	FBbt:20008570
IN01A030	FBbt:20008571
IN01A031	FBbt:20008572
IN01A032	FBbt:20008573
IN01A034	FBbt:20008574
IN01A035	FBbt:20008575
IN01A036	FBbt:20008576
IN01A037	FBbt:20008577
IN01A038	FBbt:20008578
IN01A039	FBbt:20008579
IN01A040	FBbt:20008580
IN01A041	FBbt:20008581
IN01A042	FBbt:20008582
IN01A043	FBbt:20008583
IN01A044	FBbt:20008584
IN01A045	FBbt:20008585
IN01A046	FBbt:20008586
IN01A047	FBbt:20008587
IN01A048	FBbt:20008588
IN01A050	FBbt:20008589
IN01A051	FBbt:20008590
IN01A052	FBbt:20008591
IN01A053	FBbt:20008592
IN01A054	FBbt:20008593
IN01A056	FBbt:20008594
IN01A057	FBbt:20008595
IN01A058	FBbt:20008596
IN01A059	FBbt:20008597
IN01A060	FBbt:20008598
IN01A061	FBbt:20008599
IN01A062	FBbt:20008600
IN01A063	FBbt:20008601
IN01A064	FBbt:20008602
IN01A065	FBbt:20008603
IN01A066	FBbt:20008604
IN01A067	FBbt:20008605
IN01A068	FBbt:20008606
IN01A069	FBbt:20008607
IN01A070	FBbt:20008608
IN01A071	FBbt:20008609
IN01A072	FBbt:20008610
IN01A073	FBbt:20008611
IN01A074	FBbt:20008612
IN01A075	FBbt:20008613
IN01A076	FBbt:20008614
IN01A077	FBbt:20008615
IN01A078	FBbt:20008616
IN01A079	FBbt:20008617
IN01A080	FBbt:20008618
IN01A081	FBbt:20008619
IN01A082	FBbt:20008620
IN01A083	FBbt:20008621
IN01A084	FBbt:20008622
IN01A085	FBbt:20008623
IN01A087	FBbt:20008624
IN01A088	FBbt:20008625
IN01B001	FBbt:20008626
IN01B002	FBbt:20008627
IN01B003	FBbt:20008628
IN01B006	FBbt:20008629
IN01B007	FBbt:20008630
IN01B008	FBbt:20008631
IN01B010	FBbt:20008632
IN01B012	FBbt:20008633
IN01B013	FBbt:20008634
IN01B014	FBbt:20008635
IN01B015	FBbt:20008636
IN01B016	FBbt:20008637
IN01B017	FBbt:20008638
IN01B019	FBbt:20008639
IN01B020	FBbt:20008640
IN01B021	FBbt:20008641
IN01B022	FBbt:20008642
IN01B023	FBbt:20008643
IN01B024	FBbt:20008644
IN01B025	FBbt:20008645
IN01B026	FBbt:20008646
IN01B027	FBbt:20008647
IN01B028	FBbt:20008648
IN01B029	FBbt:20008649
IN01B030	FBbt:20008650
IN01B031	FBbt:20008651
IN01B032	FBbt:20008652
IN01B033	FBbt:20008653
IN01B034	FBbt:20008654
IN01B035	FBbt:20008655
IN01B036	FBbt:20008656
IN01B037	FBbt:20008657
IN01B038	FBbt:20008658
IN01B039	FBbt:20008659
IN01B040	FBbt:20008660
IN01B041	FBbt:20008661
IN01B042	FBbt:20008662
IN01B043	FBbt:20008663
IN01B044	FBbt:20008664
IN01B045	FBbt:20008665
IN01B046	FBbt:20008666
IN01B047	FBbt:20008667
IN01B048	FBbt:20008668
IN01B049	FBbt:20008669
IN01B050	FBbt:20008670
IN01B051	FBbt:20008671
IN01B052	FBbt:20008672
IN01B053	FBbt:20008673
IN01B054	FBbt:20008674
IN01B055	FBbt:20008675
IN01B056	FBbt:20008676
IN01B057	FBbt:20008677
IN01B058	FBbt:20008678
IN01B059	FBbt:20008679
IN01B060	FBbt:20008680
IN01B061	FBbt:20008681
IN01B062	FBbt:20008682
IN01B063	FBbt:20008683
IN01B064	FBbt:20008684
IN01B065	FBbt:20008685
IN01B066	FBbt:20008686
IN01B067	FBbt:20008687
IN01B068	FBbt:20008688
IN01B069	FBbt:20008689
IN01B070	FBbt:20008690
IN01B071	FBbt:20008691
IN01B072	FBbt:20008692
IN01B073	FBbt:20008693
IN01B074	FBbt:20008694
IN01B075	FBbt:20008695
IN01B077	FBbt:20008696
IN01B078	FBbt:20008697
IN01B079	FBbt:20008698
IN01B080	FBbt:20008699
IN01B081	FBbt:20008700
IN01B082	FBbt:20008701
IN01B083	FBbt:20008702
IN01B084	FBbt:20008703
IN01B085	FBbt:20008704
IN01B086	FBbt:20008705
IN01B087	FBbt:20008706
IN01B088	FBbt:20008707
IN01B089	FBbt:20008708
IN01B090	FBbt:20008709
IN01B091	FBbt:20008710
IN01B092	FBbt:20008711
IN01B093	FBbt:20008712
IN01B094	FBbt:20008713
IN01B095	FBbt:20008714
IN01B096	FBbt:20008715
IN01B097	FBbt:20008716
IN01B098	FBbt:20008717
IN01B099	FBbt:20008718
IN01B100	FBbt:20008719
IN01B101	FBbt:20008720
IN01B102	FBbt:20008721
IN02A003	FBbt:20008722
IN02A004	FBbt:20008723
IN02A006	FBbt:20008724
IN02A007	FBbt:20008725
IN02A008	FBbt:20008726
IN02A010	FBbt:20008727
IN02A011	FBbt:20008728
IN02A012	FBbt:20008729
IN02A013	FBbt:20008730
IN02A014	FBbt:20008731
IN02A015	FBbt:20008732
IN02A018	FBbt:20008733
IN02A019	FBbt:20008734
IN02A020	FBbt:20008735
IN02A021	FBbt:20008736
IN02A023	FBbt:20008737
IN02A024	FBbt:20008738
IN02A026	FBbt:20008739
IN02A028	FBbt:20008740
IN02A029	FBbt:20008741
IN02A030	FBbt:20008742
IN02A031	FBbt:20008743
IN02A032	FBbt:20008744
IN02A033	FBbt:20008745
IN02A034	FBbt:20008746
IN02A035	FBbt:20008747
IN02A036	FBbt:20008748
IN02A037	FBbt:20008749
IN02A038	FBbt:20008750
IN02A039	FBbt:20008751
IN02A040	FBbt:20008752
IN02A041	FBbt:20008753
IN02A042	FBbt:20008754
IN02A043	FBbt:20008755
IN02A044	FBbt:20008756
IN02A045	FBbt:20008757
IN02A047	FBbt:20008758
IN02A048	FBbt:20008759
IN02A049	FBbt:20008760
IN02A050	FBbt:20008761
IN02A051	FBbt:20008762
IN02A052	FBbt:20008763
IN02A053	FBbt:20008764
IN02A054	FBbt:20008765
IN02A055	FBbt:20008766
IN02A056	FBbt:20008767
IN02A057	FBbt:20008768
IN02A058	FBbt:20008769
IN02A059	FBbt:20008770
IN02A060	FBbt:20008771
IN02A061	FBbt:20008772
IN02A062	FBbt:20008773
IN02A063	FBbt:20008774
IN02A064	FBbt:20008775
IN02A065	FBbt:20008776
IN02A066	FBbt:20008777
IN02A067	FBbt:20008778
IN03A001	FBbt:20008779
IN03A003	FBbt:20008780
IN03A004	FBbt:20008781
IN03A005	FBbt:20008782
IN03A006	FBbt:20008783
IN03A007	FBbt:20008784
IN03A009	FBbt:20008785
IN03A010	FBbt:20008786
IN03A011	FBbt:20008787
IN03A012	FBbt:20008788
IN03A013	FBbt:20008789
IN03A014	FBbt:20008790
IN03A015	FBbt:20008791
IN03A016	FBbt:20008792
IN03A017	FBbt:20008793
IN03A018	FBbt:20008794
IN03A019	FBbt:20008795
IN03A020	FBbt:20008796
IN03A021	FBbt:20008797
IN03A022	FBbt:20008798
IN03A023	FBbt:20008799
IN03A024	FBbt:20008800
IN03A025	FBbt:20008801
IN03A026	FBbt:20008802
IN03A027	FBbt:20008803
IN03A028	FBbt:20008804
IN03A029	FBbt:20008805
IN03A030	FBbt:20008806
IN03A031	FBbt:20008807
IN03A032	FBbt:20008808
IN03A033	FBbt:20008809
IN03A034	FBbt:20008810
IN03A035	FBbt:20008811
IN03A036	FBbt:20008812
IN03A037	FBbt:20008813
IN03A038	FBbt:20008814
IN03A039	FBbt:20008815
IN03A040	FBbt:20008816
IN03A041	FBbt:20008817
IN03A042	FBbt:20008818
IN03A043	FBbt:20008819
IN03A044	FBbt:20008820
IN03A045	FBbt:20008821
IN03A046	FBbt:20008822
IN03A047	FBbt:20008823
IN03A048	FBbt:20008824
IN03A049	FBbt:20008825
IN03A050	FBbt:20008826
IN03A051	FBbt:20008827
IN03A052	FBbt:20008828
IN03A053	FBbt:20008829
IN03A054	FBbt:20008830
IN03A055	FBbt:20008831
IN03A056	FBbt:20008832
IN03A057	FBbt:20008833
IN03A058	FBbt:20008834
IN03A059	FBbt:20008835
IN03A060	FBbt:20008836
IN03A061	FBbt:20008837
IN03A062	FBbt:20008838
IN03A063	FBbt:20008839
IN03A064	FBbt:20008840
IN03A065	FBbt:20008841
IN03A066	FBbt:20008842
IN03A067	FBbt:20008843
IN03A068	FBbt:20008844
IN03A069	FBbt:20008845
IN03A070	FBbt:20008846
IN03A071	FBbt:20008847
IN03A072	FBbt:20008848
IN03A073	FBbt:20008849
IN03A074	FBbt:20008850
IN03A075	FBbt:20008851
IN03A076	FBbt:20008852
IN03A077	FBbt:20008853
IN03A078	FBbt:20008854
IN03A079	FBbt:20008855
IN03A080	FBbt:20008856
IN03A081	FBbt:20008857
IN03A082	FBbt:20008858
IN03A083	FBbt:20008859
IN03A084	FBbt:20008860
IN03A085	FBbt:20008861
IN03A087	FBbt:20008862
IN03A088	FBbt:20008863
IN03A089	FBbt:20008864
IN03A090	FBbt:20008865
IN03A091	FBbt:20008866
IN03A092	FBbt:20008867
IN03A093	FBbt:20008868
IN03A094	FBbt:20008869
IN03A095	FBbt:20008870
IN03A096	FBbt:20008871
IN03A097	FBbt:20008872
IN03B001	FBbt:20008873
IN03B005	FBbt:20008874
IN03B008	FBbt:20008875
IN03B011	FBbt:20008876
IN03B012	FBbt:20008877
IN03B015	FBbt:20008878
IN03B016	FBbt:20008879
IN03B019	FBbt:20008880
IN03B020	FBbt:20008881
IN03B021	FBbt:20008882
IN03B022	FBbt:20008883
IN03B024	FBbt:20008884
IN03B025	FBbt:20008885
IN03B028	FBbt:20008886
IN03B029	FBbt:20008887
IN03B031	FBbt:20008888
IN03B032	FBbt:20008889
IN03B034	FBbt:20008890
IN03B035	FBbt:20008891
IN03B036	FBbt:20008892
IN03B037	FBbt:20008893
IN03B038	FBbt:20008894
IN03B042	FBbt:20008895
IN03B043	FBbt:20008896
IN03B045	FBbt:20008897
IN03B046	FBbt:20008898
IN03B049	FBbt:20008899
IN03B051	FBbt:20008900
IN03B052	FBbt:20008901
IN03B053	FBbt:20008902
IN03B054	FBbt:20008903
IN03B055	FBbt:20008904
IN03B056	FBbt:20008905
IN03B057	FBbt:20008906
IN03B058	FBbt:20008907
IN03B059	FBbt:20008908
IN03B060	FBbt:20008909
IN03B061	FBbt:20008910
IN03B062	FBbt:20008911
IN03B063	FBbt:20008912
IN03B064	FBbt:20008913
IN03B065	FBbt:20008914
IN03B066	FBbt:20008915
IN03B067	FBbt:20008916
IN03B068	FBbt:20008917
IN03B069	FBbt:20008918
IN03B070	FBbt:20008919
IN03B071	FBbt:20008920
IN03B072	FBbt:20008921
IN03B073	FBbt:20008922
IN03B074	FBbt:20008923
IN03B075	FBbt:20008924
IN03B076	FBbt:20008925
IN03B077	FBbt:20008926
IN03B078	FBbt:20008927
IN03B079	FBbt:20008928
IN03B080	FBbt:20008929
IN03B081	FBbt:20008930
IN03B082	FBbt:20008931
IN03B083	FBbt:20008932
IN03B084	FBbt:20008933
IN03B085	FBbt:20008934
IN03B086	FBbt:20008935
IN03B087	FBbt:20008936
IN03B088	FBbt:20008937
IN03B089	FBbt:20008938
IN03B090	FBbt:20008939
IN03B091	FBbt:20008940
IN03B092	FBbt:20008941
IN03B093	FBbt:20008942
IN04A002	FBbt:20008943
IN04B001	FBbt:20008944
IN04B002	FBbt:20008945
IN04B004	FBbt:20008946
IN04B005	FBbt:20008947
IN04B006	FBbt:20008948
IN04B007	FBbt:20008949
IN04B008	FBbt:20008950
IN04B009	FBbt:20008951
IN04B010	FBbt:20008952
IN04B011	FBbt:20008953
IN04B012	FBbt:20008954
IN04B013	FBbt:20008955
IN04B014	FBbt:20008956
IN04B015	FBbt:20008957
IN04B016	FBbt:20008958
IN04B017	FBbt:20008959
IN04B018	FBbt:20008960
IN04B019	FBbt:20008961
IN04B020	FBbt:20008962
IN04B021	FBbt:20008963
IN04B022	FBbt:20008964
IN04B024	FBbt:20008965
IN04B025	FBbt:20008966
IN04B026	FBbt:20008967
IN04B027	FBbt:20008968
IN04B028	FBbt:20008969
IN04B029	FBbt:20008970
IN04B030	FBbt:20008971
IN04B031	FBbt:20008972
IN04B032	FBbt:20008973
IN04B033	FBbt:20008974
IN04B034	FBbt:20008975
IN04B035	FBbt:20008976
IN04B036	FBbt:20008977
IN04B037	FBbt:20008978
IN04B038	FBbt:20008979
IN04B039	FBbt:20008980
IN04B040	FBbt:20008981
IN04B041	FBbt:20008982
IN04B042	FBbt:20008983
IN04B043	FBbt:20008984
IN04B044	FBbt:20008985
IN04B046	FBbt:20008986
IN04B047	FBbt:20008987
IN04B048	FBbt:20008988
IN04B049	FBbt:20008989
IN04B050	FBbt:20008990
IN04B052	FBbt:20008991
IN04B053	FBbt:20008992
IN04B054	FBbt:20008993
IN04B055	FBbt:20008994
IN04B056	FBbt:20008995
IN04B057	FBbt:20008996
IN04B058	FBbt:20008997
IN04B059	FBbt:20008998
IN04B060	FBbt:20008999
IN04B061	FBbt:20009000
IN04B062	FBbt:20009001
IN04B063	FBbt:20009002
IN04B064	FBbt:20009003
IN04B065	FBbt:20009004
IN04B066	FBbt:20009005
IN04B067	FBbt:20009006
IN04B068	FBbt:20009007
IN04B069	FBbt:20009008
IN04B070	FBbt:20009009
IN04B071	FBbt:20009010
IN04B072	FBbt:20009011
IN04B073	FBbt:20009012
IN04B074	FBbt:20009013
IN04B075	FBbt:20009014
IN04B076	FBbt:20009015
IN04B077	FBbt:20009016
IN04B078	FBbt:20009017
IN04B079	FBbt:20009018
IN04B080	FBbt:20009019
IN04B081	FBbt:20009020
IN04B082	FBbt:20009021
IN04B083	FBbt:20009022
IN04B084	FBbt:20009023
IN04B085	FBbt:20009024
IN04B086	FBbt:20009025
IN04B087	FBbt:20009026
IN04B088	FBbt:20009027
IN04B089	FBbt:20009028
IN04B090	FBbt:20009029
IN04B091	FBbt:20009030
IN04B092	FBbt:20009031
IN04B093	FBbt:20009032
IN04B094	FBbt:20009033
IN04B095	FBbt:20009034
IN04B096	FBbt:20009035
IN04B097	FBbt:20009036
IN04B098	FBbt:20009037
IN04B099	FBbt:20009038
IN04B100	FBbt:20009039
IN04B101	FBbt:20009040
IN04B102	FBbt:20009041
IN04B103	FBbt:20009042
IN04B104	FBbt:20009043
IN04B105	FBbt:20009044
IN04B106	FBbt:20009045
IN04B107	FBbt:20009046
IN04B108	FBbt:20009047
IN04B109	FBbt:20009048
IN04B110	FBbt:20009049
IN04B111	FBbt:20009050
IN04B112	FBbt:20009051
IN04B113	FBbt:20009052
IN04B114	FBbt:20009053
IN04B115	FBbt:20009054
IN05B001	FBbt:20009055
IN05B002	FBbt:20009056
IN05B003	FBbt:20009057
IN05B005	FBbt:20009058
IN05B008	FBbt:20009059
IN05B010	FBbt:20009060
IN05B011	FBbt:20009061
IN05B012	FBbt:20009062
IN05B013	FBbt:20009063
IN05B014	FBbt:20009064
IN05B016	FBbt:20009065
IN05B017	FBbt:20009066
IN05B018	FBbt:20009067
IN05B019	FBbt:20009068
IN05B020	FBbt:20009069
IN05B021	FBbt:20009070
IN05B022	FBbt:20009071
IN05B024	FBbt:20009072
IN05B028	FBbt:20009073
IN05B030	FBbt:20009074
IN05B031	FBbt:20009075
IN05B032	FBbt:20009076
IN05B033	FBbt:20009077
IN05B034	FBbt:20009078
IN05B036	FBbt:20009079
IN05B037	FBbt:20009080
IN05B038	FBbt:20009081
IN05B039	FBbt:20009082
IN05B041	FBbt:20009083
IN05B042	FBbt:20009084
IN05B043	FBbt:20009085
IN05B055	FBbt:20009086
IN05B061	FBbt:20009087
IN05B064	FBbt:20009088
IN05B065	FBbt:20009089
IN05B066	FBbt:20009090
IN05B070	FBbt:20009091
IN05B073	FBbt:20009092
IN05B074	FBbt:20009093
IN05B075	FBbt:20009094
IN05B077	FBbt:20009095
IN05B079	FBbt:20009096
IN05B080	FBbt:20009097
IN05B082	FBbt:20009098
IN05B084	FBbt:20009099
IN05B086	FBbt:20009100
IN05B087	FBbt:20009101
IN05B088	FBbt:20009102
IN05B089	FBbt:20009103
IN05B090	FBbt:20009104
IN05B091	FBbt:20009105
IN05B092	FBbt:20009106
IN05B093	FBbt:20009107
IN05B094	FBbt:20009108
IN06A002	FBbt:20009109
IN06A003	FBbt:20009110
IN06A004	FBbt:20009111
IN06A005	FBbt:20009112
IN06A006	FBbt:20009113
IN06A008	FBbt:20009114
IN06A009	FBbt:20009115
IN06A011	FBbt:20009116
IN06A012	FBbt:20009117
IN06A013	FBbt:20009118
IN06A014	FBbt:20009119
IN06A016	FBbt:20009120
IN06A018	FBbt:20009121
IN06A019	FBbt:20009122
IN06A020	FBbt:20009123
IN06A021	FBbt:20009124
IN06A022	FBbt:20009125
IN06A023	FBbt:20009126
IN06A024	FBbt:20009127
IN06A025	FBbt:20009128
IN06A028	FBbt:20009129
IN06A031	FBbt:20009130
IN06A032	FBbt:20009131
IN06A033	FBbt:20009132
IN06A034	FBbt:20009133
IN06A035	FBbt:20009134
IN06A036	FBbt:20009135
IN06A037	FBbt:20009136
IN06A038	FBbt:20009137
IN06A039	FBbt:20009138
IN06A040	FBbt:20009139
IN06A042	FBbt:20009140
IN06A043	FBbt:20009141
IN06A044	FBbt:20009142
IN06A045	FBbt:20009143
IN06A046	FBbt:20009144
IN06A047	FBbt:20009145
IN06A048	FBbt:20009146
IN06A049	FBbt:20009147
IN06A050	FBbt:20009148
IN06A051	FBbt:20009149
IN06A052	FBbt:20009150
IN06A053	FBbt:20009151
IN06A054	FBbt:20009152
IN06A055	FBbt:20009153
IN06A056	FBbt:20009154
IN06A057	FBbt:20009155
IN06A058	FBbt:20009156
IN06A059	FBbt:20009157
IN06A061	FBbt:20009158
IN06A063	FBbt:20009159
IN06A064	FBbt:20009160
IN06A065	FBbt:20009161
IN06A066	FBbt:20009162
IN06A067	FBbt:20009163
IN06A068	FBbt:20009164
IN06A069	FBbt:20009165
IN06A070	FBbt:20009166
IN06A071	FBbt:20009167
IN06A072	FBbt:20009168
IN06A073	FBbt:20009169
IN06A074	FBbt:20009170
IN06A075	FBbt:20009171
IN06A076	FBbt:20009172
IN06A077	FBbt:20009173
IN06A078	FBbt:20009174
IN06A079	FBbt:20009175
IN06A081	FBbt:20009176
IN06A082	FBbt:20009177
IN06A083	FBbt:20009178
IN06A084	FBbt:20009179
IN06A085	FBbt:20009180
IN06A086	FBbt:20009181
IN06A087	FBbt:20009182
IN06A088	FBbt:20009183
IN06A089	FBbt:20009184
IN06A090	FBbt:20009185
IN06A091	FBbt:20009186
IN06A093	FBbt:20009187
IN06A094	FBbt:20009188
IN06A096	FBbt:20009189
IN06A097	FBbt:20009190
IN06A098	FBbt:20009191
IN06A099	FBbt:20009192
IN06A100	FBbt:20009193
IN06A101	FBbt:20009194
IN06A102	FBbt:20009195
IN06A103	FBbt:20009196
IN06A104	FBbt:20009197
IN06A105	FBbt:20009198
IN06A106	FBbt:20009199
IN06A107	FBbt:20009200
IN06A108	FBbt:20009201
IN06A109	FBbt:20009202
IN06A110	FBbt:20009203
IN06A111	FBbt:20009204
IN06A113	FBbt:20009205
IN06A114	FBbt:20009206
IN06A115	FBbt:20009207
IN06A116	FBbt:20009208
IN06A117	FBbt:20009209
IN06A118	FBbt:20009210
IN06A119	FBbt:20009211
IN06A120	FBbt:20009212
IN06A121	FBbt:20009213
IN06A122	FBbt:20009214
IN06A123	FBbt:20009215
IN06A124	FBbt:20009216
IN06A125	FBbt:20009217
IN06A126	FBbt:20009218
IN06A127	FBbt:20009219
IN06A128	FBbt:20009220
IN06A129	FBbt:20009221
IN06A130	FBbt:20009222
IN06A131	FBbt:20009223
IN06A132	FBbt:20009224
IN06A133	FBbt:20009225
IN06A134	FBbt:20009226
IN06A135	FBbt:20009227
IN06A136	FBbt:20009228
IN06A137	FBbt:20009229
IN06A138	FBbt:20009230
IN06A139	FBbt:20009231
IN06B001	FBbt:20009232
IN06B003	FBbt:20009233
IN06B006	FBbt:20009234
IN06B008	FBbt:20009235
IN06B012	FBbt:20009236
IN06B013	FBbt:20009237
IN06B014	FBbt:20009238
IN06B015	FBbt:20009239
IN06B016	FBbt:20009240
IN06B017	FBbt:20009241
IN06B018	FBbt:20009242
IN06B019	FBbt:20009243
IN06B020	FBbt:20009244
IN06B021	FBbt:20009245
IN06B022	FBbt:20009246
IN06B024	FBbt:20009247
IN06B025	FBbt:20009248
IN06B027	FBbt:20009249
IN06B028	FBbt:20009250
IN06B029	FBbt:20009251
IN06B030	FBbt:20009252
IN06B032	FBbt:20009253
IN06B033	FBbt:20009254
IN06B035	FBbt:20009255
IN06B036	FBbt:20009256
IN06B038	FBbt:20009257
IN06B040	FBbt:20009258
IN06B042	FBbt:20009259
IN06B043	FBbt:20009260
IN06B047	FBbt:20009261
IN06B049	FBbt:20009262
IN06B050	FBbt:20009263
IN06B052	FBbt:20009264
IN06B053	FBbt:20009265
IN06B054	FBbt:20009266
IN06B055	FBbt:20009267
IN06B056	FBbt:20009268
IN06B058	FBbt:20009269
IN06B059	FBbt:20009270
IN06B060	FBbt:20009271
IN06B061	FBbt:20009272
IN06B062	FBbt:20009273
IN06B063	FBbt:20009274
IN06B064	FBbt:20009275
IN06B065	FBbt:20009276
IN06B066	FBbt:20009277
IN06B067	FBbt:20009278
IN06B069	FBbt:20009279
IN06B070	FBbt:20009280
IN06B071	FBbt:20009281
IN06B072	FBbt:20009282
IN06B073	FBbt:20009283
IN06B074	FBbt:20009284
IN06B076	FBbt:20009285
IN06B077	FBbt:20009286
IN06B078	FBbt:20009287
IN06B079	FBbt:20009288
IN06B080	FBbt:20009289
IN06B081	FBbt:20009290
IN06B082	FBbt:20009291
IN06B083	FBbt:20009292
IN06B084	FBbt:20009293
IN06B085	FBbt:20009294
IN06B086	FBbt:20009295
IN06B087	FBbt:20009296
IN07B001	FBbt:20009297
IN07B002	FBbt:20009298
IN07B006	FBbt:20009299
IN07B007	FBbt:20009300
IN07B008	FBbt:20009301
IN07B009	FBbt:20009302
IN07B010	FBbt:20009303
IN07B012	FBbt:20009304
IN07B013	FBbt:20009305
IN07B014	FBbt:20009306
IN07B016	FBbt:20009307
IN07B019	FBbt:20009308
IN07B020	FBbt:20009309
IN07B022	FBbt:20009310
IN07B023	FBbt:20009311
IN07B026	FBbt:20009312
IN07B027	FBbt:20009313
IN07B028	FBbt:20009314
IN07B029	FBbt:20009315
IN07B030	FBbt:20009316
IN07B031	FBbt:20009317
IN07B032	FBbt:20009318
IN07B033	FBbt:20009319
IN07B034	FBbt:20009320
IN07B038	FBbt:20009321
IN07B039	FBbt:20009322
IN07B044	FBbt:20009323
IN07B045	FBbt:20009324
IN07B047	FBbt:20009325
IN07B048	FBbt:20009326
IN07B051	FBbt:20009327
IN07B053	FBbt:20009328
IN07B054	FBbt:20009329
IN07B055	FBbt:20009330
IN07B058	FBbt:20009331
IN07B059	FBbt:20009332
IN07B061	FBbt:20009333
IN07B063	FBbt:20009334
IN07B064	FBbt:20009335
IN07B065	FBbt:20009336
IN07B066	FBbt:20009337
IN07B067	FBbt:20009338
IN07B068	FBbt:20009339
IN07B073	FBbt:20009340
IN07B074	FBbt:20009341
IN07B075	FBbt:20009342
IN07B076	FBbt:20009343
IN07B077	FBbt:20009344
IN07B079	FBbt:20009345
IN07B080	FBbt:20009346
IN07B081	FBbt:20009347
IN07B083	FBbt:20009348
IN07B084	FBbt:20009349
IN07B086	FBbt:20009350
IN07B087	FBbt:20009351
IN07B090	FBbt:20009352
IN07B092	FBbt:20009353
IN07B093	FBbt:20009354
IN07B094	FBbt:20009355
IN07B096	FBbt:20009356
IN07B098	FBbt:20009357
IN07B099	FBbt:20009358
IN07B100	FBbt:20009359
IN07B102	FBbt:20009360
IN07B103	FBbt:20009361
IN07B104	FBbt:20009362
IN08A002	FBbt:20009363
IN08A003	FBbt:20009364
IN08A005	FBbt:20009365
IN08A007	FBbt:20009366
IN08A008	FBbt:20009367
IN08A010	FBbt:20009368
IN08A011	FBbt:20009369
IN08A012	FBbt:20009370
IN08A016	FBbt:20009371
IN08A017	FBbt:20009372
IN08A019	FBbt:20009373
IN08A021	FBbt:20009374
IN08A022	FBbt:20009375
IN08A023	FBbt:20009376
IN08A024	FBbt:20009377
IN08A025	FBbt:20009378
IN08A026	FBbt:20009379
IN08A027	FBbt:20009380
IN08A028	FBbt:20009381
IN08A029	FBbt:20009382
IN08A030	FBbt:20009383
IN08A031	FBbt:20009384
IN08A032	FBbt:20009385
IN08A033	FBbt:20009386
IN08A034	FBbt:20009387
IN08A035	FBbt:20009388
IN08A036	FBbt:20009389
IN08A037	FBbt:20009390
IN08A038	FBbt:20009391
IN08A039	FBbt:20009392
IN08A040	FBbt:20009393
IN08A041	FBbt:20009394
IN08A042	FBbt:20009395
IN08A043	FBbt:20009396
IN08A044	FBbt:20009397
IN08A045	FBbt:20009398
IN08A046	FBbt:20009399
IN08A047	FBbt:20009400
IN08A048	FBbt:20009401
IN08A049	FBbt:20009402
IN08A050	FBbt:20009403
IN08B001	FBbt:20009404
IN08B003	FBbt:20009405
IN08B004	FBbt:20009406
IN08B006	FBbt:20009407
IN08B017	FBbt:20009408
IN08B019	FBbt:20009409
IN08B021	FBbt:20009410
IN08B029	FBbt:20009411
IN08B030	FBbt:20009412
IN08B033	FBbt:20009413
IN08B035	FBbt:20009414
IN08B037	FBbt:20009415
IN08B038	FBbt:20009416
IN08B039	FBbt:20009417
IN08B040	FBbt:20009418
IN08B042	FBbt:20009419
IN08B044	FBbt:20009420
IN08B045	FBbt:20009421
IN08B046	FBbt:20009422
IN08B051	FBbt:20009423
IN08B052	FBbt:20009424
IN08B054	FBbt:20009425
IN08B055	FBbt:20009426
IN08B056	FBbt:20009427
IN08B058	FBbt:20009428
IN08B060	FBbt:20009429
IN08B062	FBbt:20009430
IN08B063	FBbt:20009431
IN08B064	FBbt:20009432
IN08B065	FBbt:20009433
IN08B067	FBbt:20009434
IN08B068	FBbt:20009435
IN08B072	FBbt:20009436
IN08B073	FBbt:20009437
IN08B075	FBbt:20009438
IN08B076	FBbt:20009439
IN08B077	FBbt:20009440
IN08B078	FBbt:20009441
IN08B080	FBbt:20009442
IN08B082	FBbt:20009443
IN08B083	FBbt:20009444
IN08B085	FBbt:20009445
IN08B087	FBbt:20009446
IN08B088	FBbt:20009447
IN08B090	FBbt:20009448
IN08B091	FBbt:20009449
IN08B092	FBbt:20009450
IN08B093	FBbt:20009451
IN08B104	FBbt:20009452
IN08B105	FBbt:20009453
IN08B108	FBbt:20009454
IN09A001	FBbt:20009455
IN09A002	FBbt:20009456
IN09A003	FBbt:20009457
IN09A004	FBbt:20009458
IN09A006	FBbt:20009459
IN09A007	FBbt:20009460
IN09A009	FBbt:20009461
IN09A010	FBbt:20009462
IN09A011	FBbt:20009463
IN09A012	FBbt:20009464
IN09A013	FBbt:20009465
IN09A014	FBbt:20009466
IN09A015	FBbt:20009467
IN09A016	FBbt:20009468
IN09A017	FBbt:20009469
IN09A018	FBbt:20009470
IN09A019	FBbt:20009471
IN09A020	FBbt:20009472
IN09A021	FBbt:20009473
IN09A022	FBbt:20009474
IN09A023	FBbt:20009475
IN09A024	FBbt:20009476
IN09A025	FBbt:20009477
IN09A026	FBbt:20009478
IN09A027	FBbt:20009479
IN09A028	FBbt:20009480
IN09A029	FBbt:20009481
IN09A030	FBbt:20009482
IN09A031	FBbt:20009483
IN09A032	FBbt:20009484
IN09A033	FBbt:20009485
IN09A034	FBbt:20009486
IN09A035	FBbt:20009487
IN09A037	FBbt:20009488
IN09A038	FBbt:20009489
IN09A039	FBbt:20009490
IN09A040	FBbt:20009491
IN09A041	FBbt:20009492
IN09A042	FBbt:20009493
IN09A043	FBbt:20009494
IN09A044	FBbt:20009495
IN09A045	FBbt:20009496
IN09A046	FBbt:20009497
IN09A047	FBbt:20009498
IN09A048	FBbt:20009499
IN09A049	FBbt:20009500
IN09A050	FBbt:20009501
IN09A051	FBbt:20009502
IN09A052	FBbt:20009503
IN09A053	FBbt:20009504
IN09A054	FBbt:20009505
IN09A055	FBbt:20009506
IN09A056	FBbt:20009507
IN09A057	FBbt:20009508
IN09A058	FBbt:20009509
IN09A059	FBbt:20009510
IN09A060	FBbt:20009511
IN09A061	FBbt:20009512
IN09A062	FBbt:20009513
IN09A063	FBbt:20009514
IN09A064	FBbt:20009515
IN09A065	FBbt:20009516
IN09A066	FBbt:20009517
IN09A067	FBbt:20009518
IN09A068	FBbt:20009519
IN09A069	FBbt:20009520
IN09A070	FBbt:20009521
IN09A071	FBbt:20009522
IN09A072	FBbt:20009523
IN09A073	FBbt:20009524
IN09A074	FBbt:20009525
IN09A075	FBbt:20009526
IN09A076	FBbt:20009527
IN09A077	FBbt:20009528
IN09A078	FBbt:20009529
IN09A079	FBbt:20009530
IN09A080	FBbt:20009531
IN09A081	FBbt:20009532
IN09A082	FBbt:20009533
IN09A083	FBbt:20009534
IN09A084	FBbt:20009535
IN09A085	FBbt:20009536
IN09A086	FBbt:20009537
IN09A087	FBbt:20009538
IN09A088	FBbt:20009539
IN09A089	FBbt:20009540
IN09A090	FBbt:20009541
IN09A091	FBbt:20009542
IN09A092	FBbt:20009543
IN09A093	FBbt:20009544
IN09A094	FBbt:20009545
IN09A095	FBbt:20009546
IN09A096	FBbt:20009547
IN09B005	FBbt:20009548
IN09B006	FBbt:20009549
IN09B008	FBbt:20009550
IN09B014	FBbt:20009551
IN09B018	FBbt:20009552
IN09B022	FBbt:20009553
IN09B038	FBbt:20009554
IN09B043	FBbt:20009555
IN09B044	FBbt:20009556
IN09B045	FBbt:20009557
IN09B046	FBbt:20009558
IN09B047	FBbt:20009559
IN09B048	FBbt:20009560
IN09B049	FBbt:20009561
IN09B050	FBbt:20009562
IN09B051	FBbt:20009563
IN09B052	FBbt:20009564
IN09B053	FBbt:20009565
IN09B054	FBbt:20009566
IN09B055	FBbt:20009567
IN09B056	FBbt:20009568
IN09B057	FBbt:20009569
IN09B058	FBbt:20009570
IN10B001	FBbt:20009571
IN10B002	FBbt:20009572
IN10B003	FBbt:20009573
IN10B004	FBbt:20009574
IN10B006	FBbt:20009575
IN10B007	FBbt:20009576
IN10B010	FBbt:20009577
IN10B011	FBbt:20009578
IN10B012	FBbt:20009579
IN10B013	FBbt:20009580
IN10B014	FBbt:20009581
IN10B016	FBbt:20009582
IN10B023	FBbt:20009583
IN10B025	FBbt:20009584
IN10B028	FBbt:20009585
IN10B030	FBbt:20009586
IN10B031	FBbt:20009587
IN10B032	FBbt:20009588
IN10B033	FBbt:20009589
IN10B034	FBbt:20009590
IN10B036	FBbt:20009591
IN10B038	FBbt:20009592
IN10B040	FBbt:20009593
IN10B041	FBbt:20009594
IN10B042	FBbt:20009595
IN10B043	FBbt:20009596
IN10B044	FBbt:20009597
IN10B050	FBbt:20009598
IN10B052	FBbt:20009599
IN10B054	FBbt:20009600
IN10B055	FBbt:20009601
IN10B057	FBbt:20009602
IN10B058	FBbt:20009603
IN10B059	FBbt:20009604
IN10B061	FBbt:20009605
IN11A001	FBbt:20009606
IN11A002	FBbt:20009607
IN11A003	FBbt:20009608
IN11A004	FBbt:20009609
IN11A005	FBbt:20009610
IN11A006	FBbt:20009611
IN11A007	FBbt:20009612
IN11A008	FBbt:20009613
IN11A009	FBbt:20009614
IN11A010	FBbt:20009615
IN11A011	FBbt:20009616
IN11A012	FBbt:20009617
IN11A013	FBbt:20009618
IN11A014	FBbt:20009619
IN11A015	FBbt:20009620
IN11A016	FBbt:20009621
IN11A017	FBbt:20009622
IN11A018	FBbt:20009623
IN11A019	FBbt:20009624
IN11A020	FBbt:20009625
IN11A021	FBbt:20009626
IN11A022	FBbt:20009627
IN11A023	FBbt:20009628
IN11A025	FBbt:20009629
IN11A026	FBbt:20009630
IN11A027	FBbt:20009631
IN11A028	FBbt:20009632
IN11A030	FBbt:20009633
IN11A031	FBbt:20009634
IN11A032	FBbt:20009635
IN11A034	FBbt:20009636
IN11A035	FBbt:20009637
IN11A036	FBbt:20009638
IN11A037	FBbt:20009639
IN11A040	FBbt:20009640
IN11A041	FBbt:20009641
IN11A042	FBbt:20009642
IN11A043	FBbt:20009643
IN11A045	FBbt:20009644
IN11B001	FBbt:20009645
IN11B002	FBbt:20009646
IN11B003	FBbt:20009647
IN11B004	FBbt:20009648
IN11B005	FBbt:20009649
IN11B006	FBbt:20009650
IN11B009	FBbt:20009651
IN11B011	FBbt:20009652
IN11B012	FBbt:20009653
IN11B013	FBbt:20009654
IN11B014	FBbt:20009655
IN11B015	FBbt:20009656
IN11B016	FBbt:20009657
IN11B017	FBbt:20009658
IN11B018	FBbt:20009659
IN11B019	FBbt:20009660
IN11B020	FBbt:20009661
IN11B021	FBbt:20009662
IN11B022	FBbt:20009663
IN11B023	FBbt:20009664
IN12A001	FBbt:20009665
IN12A002	FBbt:20009666
IN12A003	FBbt:20009667
IN12A004	FBbt:20009668
IN12A005	FBbt:20009669
IN12A006	FBbt:20009670
IN12A007	FBbt:20009671
IN12A008	FBbt:20009672
IN12A009	FBbt:20009673
IN12A010	FBbt:20009674
IN12A011	FBbt:20009675
IN12A012	FBbt:20009676
IN12A013	FBbt:20009677
IN12A015	FBbt:20009678
IN12A016	FBbt:20009679
IN12A018	FBbt:20009680
IN12A019	FBbt:20009681
IN12A021	FBbt:20009682
IN12A024	FBbt:20009683
IN12A025	FBbt:20009684
IN12A026	FBbt:20009685
IN12A027	FBbt:20009686
IN12A029	FBbt:20009687
IN12A034	FBbt:20009688
IN12A035	FBbt:20009689
IN12A036	FBbt:20009690
IN12A039	FBbt:20009691
IN12A043	FBbt:20009692
IN12A046	FBbt:20009693
IN12A048	FBbt:20009694
IN12A050	FBbt:20009695
IN12A051	FBbt:20009696
IN12A052	FBbt:20009697
IN12A053	FBbt:20009698
IN12A054	FBbt:20009699
IN12A057	FBbt:20009700
IN12A058	FBbt:20009701
IN12A059	FBbt:20009702
IN12A060	FBbt:20009703
IN12A061	FBbt:20009704
IN12A062	FBbt:20009705
IN12A063	FBbt:20009706
IN12A064	FBbt:20009707
IN12B002	FBbt:20009708
IN12B003	FBbt:20009709
IN12B004	FBbt:20009710
IN12B005	FBbt:20009711
IN12B007	FBbt:20009712
IN12B009	FBbt:20009713
IN12B010	FBbt:20009714
IN12B011	FBbt:20009715
IN12B012	FBbt:20009716
IN12B013	FBbt:20009717
IN12B014	FBbt:20009718
IN12B015	FBbt:20009719
IN12B016	FBbt:20009720
IN12B018	FBbt:20009721
IN12B020	FBbt:20009722
IN12B021	FBbt:20009723
IN12B022	FBbt:20009724
IN12B023	FBbt:20009725
IN12B024	FBbt:20009726
IN12B025	FBbt:20009727
IN12B026	FBbt:20009728
IN12B027	FBbt:20009729
IN12B028	FBbt:20009730
IN12B029	FBbt:20009731
IN12B030	FBbt:20009732
IN12B031	FBbt:20009733
IN12B032	FBbt:20009734
IN12B033	FBbt:20009735
IN12B034	FBbt:20009736
IN12B035	FBbt:20009737
IN12B036	FBbt:20009738
IN12B037	FBbt:20009739
IN12B038	FBbt:20009740
IN12B039	FBbt:20009741
IN12B040	FBbt:20009742
IN12B041	FBbt:20009743
IN12B042	FBbt:20009744
IN12B043	FBbt:20009745
IN12B044	FBbt:20009746
IN12B045	FBbt:20009747
IN12B046	FBbt:20009748
IN12B047	FBbt:20009749
IN12B048	FBbt:20009750
IN12B049	FBbt:20009751
IN12B050	FBbt:20009752
IN12B051	FBbt:20009753
IN12B052	FBbt:20009754
IN12B053	FBbt:20009755
IN12B054	FBbt:20009756
IN12B056	FBbt:20009757
IN12B057	FBbt:20009758
IN12B058	FBbt:20009759
IN12B059	FBbt:20009760
IN12B060	FBbt:20009761
IN12B061	FBbt:20009762
IN12B062	FBbt:20009763
IN12B063	FBbt:20009764
IN12B064	FBbt:20009765
IN12B065	FBbt:20009766
IN12B066	FBbt:20009767
IN12B068	FBbt:20009768
IN12B069	FBbt:20009769
IN12B070	FBbt:20009770
IN12B071	FBbt:20009771
IN12B072	FBbt:20009772
IN12B073	FBbt:20009773
IN12B074	FBbt:20009774
IN12B075	FBbt:20009775
IN12B077	FBbt:20009776
IN12B078	FBbt:20009777
IN12B079	FBbt:20009778
IN12B081	FBbt:20009779
IN12B082	FBbt:20009780
IN12B083	FBbt:20009781
IN12B084	FBbt:20009782
IN12B085	FBbt:20009783
IN12B086	FBbt:20009784
IN12B087	FBbt:20009785
IN12B088	FBbt:20009786
IN12B090	FBbt:20009787
IN12B091	FBbt:20009788
IN12B092	FBbt:20009789
IN13A001	FBbt:20009790
IN13A002	FBbt:20009791
IN13A003	FBbt:20009792
IN13A004	FBbt:20009793
IN13A005	FBbt:20009794
IN13A006	FBbt:20009795
IN13A007	FBbt:20009796
IN13A008	FBbt:20009797
IN13A009	FBbt:20009798
IN13A010	FBbt:20009799
IN13A011	FBbt:20009800
IN13A012	FBbt:20009801
IN13A013	FBbt:20009802
IN13A014	FBbt:20009803
IN13A015	FBbt:20009804
IN13A017	FBbt:20009805
IN13A018	FBbt:20009806
IN13A019	FBbt:20009807
IN13A020	FBbt:20009808
IN13A021	FBbt:20009809
IN13A022	FBbt:20009810
IN13A023	FBbt:20009811
IN13A024	FBbt:20009812
IN13A025	FBbt:20009813
IN13A026	FBbt:20009814
IN13A027	FBbt:20009815
IN13A028	FBbt:20009816
IN13A029	FBbt:20009817
IN13A030	FBbt:20009818
IN13A031	FBbt:20009819
IN13A032	FBbt:20009820
IN13A033	FBbt:20009821
IN13A034	FBbt:20009822
IN13A035	FBbt:20009823
IN13A036	FBbt:20009824
IN13A037	FBbt:20009825
IN13A038	FBbt:20009826
IN13A039	FBbt:20009827
IN13A040	FBbt:20009828
IN13A041	FBbt:20009829
IN13A042	FBbt:20009830
IN13A043	FBbt:20009831
IN13A044	FBbt:20009832
IN13A045	FBbt:20009833
IN13A046	FBbt:20009834
IN13A047	FBbt:20009835
IN13A049	FBbt:20009836
IN13A050	FBbt:20009837
IN13A051	FBbt:20009838
IN13A052	FBbt:20009839
IN13A053	FBbt:20009840
IN13A054	FBbt:20009841
IN13A055	FBbt:20009842
IN13A056	FBbt:20009843
IN13A057	FBbt:20009844
IN13A058	FBbt:20009845
IN13A059	FBbt:20009846
IN13A060	FBbt:20009847
IN13A061	FBbt:20009848
IN13A062	FBbt:20009849
IN13A063	FBbt:20009850
IN13A064	FBbt:20009851
IN13A065	FBbt:20009852
IN13A066	FBbt:20009853
IN13A067	FBbt:20009854
IN13A068	FBbt:20009855
IN13A069	FBbt:20009856
IN13A070	FBbt:20009857
IN13A071	FBbt:20009858
IN13A072	FBbt:20009859
IN13A073	FBbt:20009860
IN13B001	FBbt:20009861
IN13B004	FBbt:20009862
IN13B005	FBbt:20009863
IN13B006	FBbt:20009864
IN13B007	FBbt:20009865
IN13B008	FBbt:20009866
IN13B009	FBbt:20009867
IN13B010	FBbt:20009868
IN13B011	FBbt:20009869
IN13B012	FBbt:20009870
IN13B013	FBbt:20009871
IN13B014	FBbt:20009872
IN13B015	FBbt:20009873
IN13B017	FBbt:20009874
IN13B018	FBbt:20009875
IN13B019	FBbt:20009876
IN13B020	FBbt:20009877
IN13B021	FBbt:20009878
IN13B022	FBbt:20009879
IN13B023	FBbt:20009880
IN13B024	FBbt:20009881
IN13B025	FBbt:20009882
IN13B026	FBbt:20009883
IN13B027	FBbt:20009884
IN13B028	FBbt:20009885
IN13B029	FBbt:20009886
IN13B030	FBbt:20009887
IN13B031	FBbt:20009888
IN13B032	FBbt:20009889
IN13B033	FBbt:20009890
IN13B034	FBbt:20009891
IN13B035	FBbt:20009892
IN13B036	FBbt:20009893
IN13B037	FBbt:20009894
IN13B038	FBbt:20009895
IN13B039	FBbt:20009896
IN13B040	FBbt:20009897
IN13B041	FBbt:20009898
IN13B042	FBbt:20009899
IN13B043	FBbt:20009900
IN13B044	FBbt:20009901
IN13B045	FBbt:20009902
IN13B046	FBbt:20009903
IN13B047	FBbt:20009904
IN13B048	FBbt:20009905
IN13B049	FBbt:20009906
IN13B050	FBbt:20009907
IN13B051	FBbt:20009908
IN13B052	FBbt:20009909
IN13B053	FBbt:20009910
IN13B054	FBbt:20009911
IN13B055	FBbt:20009912
IN13B056	FBbt:20009913
IN13B057	FBbt:20009914
IN13B058	FBbt:20009915
IN13B059	FBbt:20009916
IN13B060	FBbt:20009917
IN13B061	FBbt:20009918
IN13B062	FBbt:20009919
IN13B063	FBbt:20009920
IN13B064	FBbt:20009921
IN13B065	FBbt:20009922
IN13B066	FBbt:20009923
IN13B067	FBbt:20009924
IN13B068	FBbt:20009925
IN13B069	FBbt:20009926
IN13B070	FBbt:20009927
IN13B071	FBbt:20009928
IN13B072	FBbt:20009929
IN13B073	FBbt:20009930
IN13B074	FBbt:20009931
IN13B075	FBbt:20009932
IN13B076	FBbt:20009933
IN13B077	FBbt:20009934
IN13B078	FBbt:20009935
IN13B079	FBbt:20009936
IN13B080	FBbt:20009937
IN13B081	FBbt:20009938
IN13B082	FBbt:20009939
IN13B084	FBbt:20009940
IN13B085	FBbt:20009941
IN13B087	FBbt:20009942
IN13B088	FBbt:20009943
IN13B089	FBbt:20009944
IN13B090	FBbt:20009945
IN13B091	FBbt:20009946
IN13B093	FBbt:20009947
IN13B094	FBbt:20009948
IN13B095	FBbt:20009949
IN13B096	FBbt:20009950
IN13B097	FBbt:20009951
IN13B098	FBbt:20009952
IN13B099	FBbt:20009953
IN13B100	FBbt:20009954
IN13B101	FBbt:20009955
IN13B102	FBbt:20009956
IN14A001	FBbt:20009957
IN14A002	FBbt:20009958
IN14A004	FBbt:20009959
IN14A005	FBbt:20009960
IN14A006	FBbt:20009961
IN14A007	FBbt:20009962
IN14A008	FBbt:20009963
IN14A009	FBbt:20009964
IN14A010	FBbt:20009965
IN14A011	FBbt:20009966
IN14A012	FBbt:20009967
IN14A013	FBbt:20009968
IN14A014	FBbt:20009969
IN14A015	FBbt:20009970
IN14A016	FBbt:20009971
IN14A017	FBbt:20009972
IN14A018	FBbt:20009973
IN14A020	FBbt:20009974
IN14A021	FBbt:20009975
IN14A022	FBbt:20009976
IN14A023	FBbt:20009977
IN14A024	FBbt:20009978
IN14A025	FBbt:20009979
IN14A026	FBbt:20009980
IN14A027	FBbt:20009981
IN14A028	FBbt:20009982
IN14A029	FBbt:20009983
IN14A030	FBbt:20009984
IN14A031	FBbt:20009985
IN14A032	FBbt:20009986
IN14A033	FBbt:20009987
IN14A034	FBbt:20009988
IN14A035	FBbt:20009989
IN14A036	FBbt:20009990
IN14A037	FBbt:20009991
IN14A038	FBbt:20009992
IN14A039	FBbt:20009993
IN14A040	FBbt:20009994
IN14A041	FBbt:20009995
IN14A042	FBbt:20009996
IN14A043	FBbt:20009997
IN14A044	FBbt:20009998
IN14A045	FBbt:20009999
IN14A046	FBbt:20010000
IN14A047	FBbt:20010001
IN14A048	FBbt:20010002
IN14A050	FBbt:20010003
IN14A051	FBbt:20010004
IN14A052	FBbt:20010005
IN14A053	FBbt:20010006
IN14A054	FBbt:20010007
IN14A055	FBbt:20010008
IN14A056	FBbt:20010009
IN14A057	FBbt:20010010
IN14A058	FBbt:20010011
IN14A059	FBbt:20010012
IN14A060	FBbt:20010013
IN14A061	FBbt:20010014
IN14A062	FBbt:20010015
IN14A063	FBbt:20010016
IN14A064	FBbt:20010017
IN14A065	FBbt:20010018
IN14A066	FBbt:20010019
IN14A067	FBbt:20010020
IN14A068	FBbt:20010021
IN14A069	FBbt:20010022
IN14A070	FBbt:20010023
IN14A071	FBbt:20010024
IN14A072	FBbt:20010025
IN14A074	FBbt:20010026
IN14A075	FBbt:20010027
IN14A076	FBbt:20010028
IN14A077	FBbt:20010029
IN14A078	FBbt:20010030
IN14A079	FBbt:20010031
IN14A080	FBbt:20010032
IN14A081	FBbt:20010033
IN14A082	FBbt:20010034
IN14A083	FBbt:20010035
IN14A084	FBbt:20010036
IN14A085	FBbt:20010037
IN14A086	FBbt:20010038
IN14A087	FBbt:20010039
IN14A088	FBbt:20010040
IN14A089	FBbt:20010041
IN14A090	FBbt:20010042
IN14A091	FBbt:20010043
IN14A092	FBbt:20010044
IN14A093	FBbt:20010045
IN14A094	FBbt:20010046
IN14A095	FBbt:20010047
IN14A096	FBbt:20010048
IN14A097	FBbt:20010049
IN14A098	FBbt:20010050
IN14A099	FBbt:20010051
IN14A100	FBbt:20010052
IN14A101	FBbt:20010053
IN14A102	FBbt:20010054
IN14A103	FBbt:20010055
IN14A104	FBbt:20010056
IN14A105	FBbt:20010057
IN14A106	FBbt:20010058
IN14A107	FBbt:20010059
IN14A108	FBbt:20010060
IN14A109	FBbt:20010061
IN14A110	FBbt:20010062
IN14A111	FBbt:20010063
IN14A112	FBbt:20010064
IN14A113	FBbt:20010065
IN14A114	FBbt:20010066
IN14A115	FBbt:20010067
IN14A116	FBbt:20010068
IN14A117	FBbt:20010069
IN14A118	FBbt:20010070
IN14A119	FBbt:20010071
IN14A120	FBbt:20010072
IN14A121	FBbt:20010073
IN14A122	FBbt:20010074
IN14A123	FBbt:20010075
IN14A124	FBbt:20010076
IN14B001	FBbt:20010077
IN14B002	FBbt:20010078
IN14B003	FBbt:20010079
IN14B004	FBbt:20010080
IN14B005	FBbt:20010081
IN14B006	FBbt:20010082
IN14B007	FBbt:20010083
IN14B008	FBbt:20010084
IN14B009	FBbt:20010085
IN14B010	FBbt:20010086
IN14B011	FBbt:20010087
IN14B012	FBbt:20010088
IN14B013	FBbt:20010089
IN14B014	FBbt:20010090
IN16B014	FBbt:20010091
IN16B016	FBbt:20010092
IN16B018	FBbt:20010093
IN16B020	FBbt:20010094
IN16B022	FBbt:20010095
IN16B024	FBbt:20010096
IN16B029	FBbt:20010097
IN16B030	FBbt:20010098
IN16B032	FBbt:20010099
IN16B033	FBbt:20010100
IN16B034	FBbt:20010101
IN16B036	FBbt:20010102
IN16B037	FBbt:20010103
IN16B038	FBbt:20010104
IN16B039	FBbt:20010105
IN16B040	FBbt:20010106
IN16B041	FBbt:20010107
IN16B042	FBbt:20010108
IN16B045	FBbt:20010109
IN16B046	FBbt:20010110
IN16B047	FBbt:20010111
IN16B048	FBbt:20010112
IN16B049	FBbt:20010113
IN16B050	FBbt:20010114
IN16B051	FBbt:20010115
IN16B052	FBbt:20010116
IN16B053	FBbt:20010117
IN16B054	FBbt:20010118
IN16B055	FBbt:20010119
IN16B056	FBbt:20010120
IN16B057	FBbt:20010121
IN16B058	FBbt:20010122
IN16B059	FBbt:20010123
IN16B060	FBbt:20010124
IN16B061	FBbt:20010125
IN16B062	FBbt:20010126
IN16B063	FBbt:20010127
IN16B064	FBbt:20010128
IN16B065	FBbt:20010129
IN16B066	FBbt:20010130
IN16B067	FBbt:20010131
IN16B068	FBbt:20010132
IN16B069	FBbt:20010133
IN16B070	FBbt:20010134
IN16B071	FBbt:20010135
IN16B072	FBbt:20010136
IN16B073	FBbt:20010137
IN16B074	FBbt:20010138
IN16B075	FBbt:20010139
IN16B076	FBbt:20010140
IN16B077	FBbt:20010141
IN16B079	FBbt:20010142
IN16B080	FBbt:20010143
IN16B082	FBbt:20010144
IN16B083	FBbt:20010145
IN16B084	FBbt:20010146
IN16B085	FBbt:20010147
IN16B086	FBbt:20010148
IN16B087	FBbt:20010149
IN16B088	FBbt:20010150
IN16B089	FBbt:20010151
IN16B090	FBbt:20010152
IN16B091	FBbt:20010153
IN16B092	FBbt:20010154
IN16B093	FBbt:20010155
IN16B094	FBbt:20010156
IN16B095	FBbt:20010157
IN16B096	FBbt:20010158
IN16B097	FBbt:20010159
IN16B098	FBbt:20010160
IN16B099	FBbt:20010161
IN16B100	FBbt:20010162
IN16B101	FBbt:20010163
IN16B102	FBbt:20010164
IN16B103	FBbt:20010165
IN16B104	FBbt:20010166
IN16B105	FBbt:20010167
IN16B106	FBbt:20010168
IN16B107	FBbt:20010169
IN16B108	FBbt:20010170
IN16B109	FBbt:20010171
IN16B110	FBbt:20010172
IN16B111	FBbt:20010173
IN16B113	FBbt:20010174
IN16B114	FBbt:20010175
IN16B115	FBbt:20010176
IN16B117	FBbt:20010177
IN16B118	FBbt:20010178
IN16B119	FBbt:20010179
IN16B120	FBbt:20010180
IN16B121	FBbt:20010181
IN16B122	FBbt:20010182
IN16B123	FBbt:20010183
IN16B124	FBbt:20010184
IN16B125	FBbt:20010185
IN17A001	FBbt:20010186
IN17A007	FBbt:20010187
IN17A011	FBbt:20010188
IN17A013	FBbt:20010189
IN17A016	FBbt:20010190
IN17A017	FBbt:20010191
IN17A019	FBbt:20010192
IN17A020	FBbt:20010193
IN17A022	FBbt:20010194
IN17A023	FBbt:20010195
IN17A025	FBbt:20010196
IN17A027	FBbt:20010197
IN17A028	FBbt:20010198
IN17A029	FBbt:20010199
IN17A030	FBbt:20010200
IN17A032	FBbt:20010201
IN17A033	FBbt:20010202
IN17A034	FBbt:20010203
IN17A035	FBbt:20010204
IN17A037	FBbt:20010205
IN17A039	FBbt:20010206
IN17A040	FBbt:20010207
IN17A041	FBbt:20010208
IN17A042	FBbt:20010209
IN17A043	FBbt:20010210
IN17A044	FBbt:20010211
IN17A045	FBbt:20010212
IN17A046	FBbt:20010213
IN17A048	FBbt:20010214
IN17A049	FBbt:20010215
IN17A051	FBbt:20010216
IN17A052	FBbt:20010217
IN17A053	FBbt:20010218
IN17A055	FBbt:20010219
IN17A056	FBbt:20010220
IN17A057	FBbt:20010221
IN17A058	FBbt:20010222
IN17A059	FBbt:20010223
IN17A060	FBbt:20010224
IN17A061	FBbt:20010225
IN17A063	FBbt:20010226
IN17A064	FBbt:20010227
IN17A065	FBbt:20010228
IN17A066	FBbt:20010229
IN17A067	FBbt:20010230
IN17A069	FBbt:20010231
IN17A071	FBbt:20010232
IN17A072	FBbt:20010233
IN17A074	FBbt:20010234
IN17A075	FBbt:20010235
IN17A077	FBbt:20010236
IN17A078	FBbt:20010237
IN17A079	FBbt:20010238
IN17A080	FBbt:20010239
IN17A081	FBbt:20010240
IN17A082	FBbt:20010241
IN17A083	FBbt:20010242
IN17A084	FBbt:20010243
IN17A085	FBbt:20010244
IN17A086	FBbt:20010245
IN17A087	FBbt:20010246
IN17A088	FBbt:20010247
IN17A089	FBbt:20010248
IN17A090	FBbt:20010249
IN17A091	FBbt:20010250
IN17A092	FBbt:20010251
IN17A093	FBbt:20010252
IN17A094	FBbt:20010253
IN17A095	FBbt:20010254
IN17A096	FBbt:20010255
IN17A097	FBbt:20010256
IN17A098	FBbt:20010257
IN17A099	FBbt:20010258
IN17A100	FBbt:20010259
IN17A101	FBbt:20010260
IN17A102	FBbt:20010261
IN17A103	FBbt:20010262
IN17A104	FBbt:20010263
IN17A105	FBbt:20010264
IN17A106	FBbt:20010265
IN17A107	FBbt:20010266
IN17A108	FBbt:20010267
IN17A109	FBbt:20010268
IN17A110	FBbt:20010269
IN17A111	FBbt:20010270
IN17A113	FBbt:20010271
IN17A114	FBbt:20010272
IN17A115	FBbt:20010273
IN17A116	FBbt:20010274
IN17A117	FBbt:20010275
IN17A118	FBbt:20010276
IN17A119	FBbt:20010277
IN17A120	FBbt:20010278
IN17B001	FBbt:20010279
IN17B003	FBbt:20010280
IN17B004	FBbt:20010281
IN17B006	FBbt:20010282
IN17B008	FBbt:20010283
IN17B010	FBbt:20010284
IN17B014	FBbt:20010285
IN17B015	FBbt:20010286
IN18B005	FBbt:20010287
IN18B006	FBbt:20010288
IN18B008	FBbt:20010289
IN18B009	FBbt:20010290
IN18B011	FBbt:20010291
IN18B012	FBbt:20010292
IN18B013	FBbt:20010293
IN18B014	FBbt:20010294
IN18B015	FBbt:20010295
IN18B016	FBbt:20010296
IN18B017	FBbt:20010297
IN18B018	FBbt:20010298
IN18B020	FBbt:20010299
IN18B021	FBbt:20010300
IN18B026	FBbt:20010301
IN18B027	FBbt:20010302
IN18B028	FBbt:20010303
IN18B029	FBbt:20010304
IN18B032	FBbt:20010305
IN18B033	FBbt:20010306
IN18B034	FBbt:20010307
IN18B035	FBbt:20010308
IN18B036	FBbt:20010309
IN18B037	FBbt:20010310
IN18B038	FBbt:20010311
IN18B039	FBbt:20010312
IN18B040	FBbt:20010313
IN18B041	FBbt:20010314
IN18B042	FBbt:20010315
IN18B043	FBbt:20010316
IN18B044	FBbt:20010317
IN18B045	FBbt:20010318
IN18B046	FBbt:20010319
IN18B047	FBbt:20010320
IN18B048	FBbt:20010321
IN18B049	FBbt:20010322
IN18B050	FBbt:20010323
IN18B051	FBbt:20010324
IN18B052	FBbt:20010325
IN18B054	FBbt:20010326
IN18B055	FBbt:20010327
IN18B056	FBbt:20010328
IN19A001	FBbt:20010329
IN19A002	FBbt:20010330
IN19A003	FBbt:20010331
IN19A004	FBbt:20010332
IN19A005	FBbt:20010333
IN19A006	FBbt:20010334
IN19A007	FBbt:20010335
IN19A008	FBbt:20010336
IN19A009	FBbt:20010337
IN19A010	FBbt:20010338
IN19A011	FBbt:20010339
IN19A012	FBbt:20010340
IN19A013	FBbt:20010341
IN19A014	FBbt:20010342
IN19A015	FBbt:20010343
IN19A016	FBbt:20010344
IN19A017	FBbt:20010345
IN19A019	FBbt:20010346
IN19A020	FBbt:20010347
IN19A021	FBbt:20010348
IN19A022	FBbt:20010349
IN19A024	FBbt:20010350
IN19A026	FBbt:20010351
IN19A027	FBbt:20010352
IN19A028	FBbt:20010353
IN19A029	FBbt:20010354
IN19A030	FBbt:20010355
IN19A031	FBbt:20010356
IN19A032	FBbt:20010357
IN19A033	FBbt:20010358
IN19A034	FBbt:20010359
IN19A036	FBbt:20010360
IN19A037	FBbt:20010361
IN19A040	FBbt:20010362
IN19A041	FBbt:20010363
IN19A042	FBbt:20010364
IN19A043	FBbt:20010365
IN19A044	FBbt:20010366
IN19A045	FBbt:20010367
IN19A046	FBbt:20010368
IN19A047	FBbt:20010369
IN19A048	FBbt:20010370
IN19A049	FBbt:20010371
IN19A050	FBbt:20010372
IN19A051	FBbt:20010373
IN19A052	FBbt:20010374
IN19A053	FBbt:20010375
IN19A054	FBbt:20010376
IN19A055	FBbt:20010377
IN19A056	FBbt:20010378
IN19A057	FBbt:20010379
IN19A058	FBbt:20010380
IN19A059	FBbt:20010381
IN19A060	FBbt:20010382
IN19A061	FBbt:20010383
IN19A062	FBbt:20010384
IN19A063	FBbt:20010385
IN19A064	FBbt:20010386
IN19A065	FBbt:20010387
IN19A067	FBbt:20010388
IN19A068	FBbt:20010389
IN19A069	FBbt:20010390
IN19A070	FBbt:20010391
IN19A071	FBbt:20010392
IN19A072	FBbt:20010393
IN19A073	FBbt:20010394
IN19A074	FBbt:20010395
IN19A076	FBbt:20010396
IN19A077	FBbt:20010397
IN19A079	FBbt:20010398
IN19A080	FBbt:20010399
IN19A081	FBbt:20010400
IN19A082	FBbt:20010401
IN19A083	FBbt:20010402
IN19A084	FBbt:20010403
IN19A085	FBbt:20010404
IN19A086	FBbt:20010405
IN19A087	FBbt:20010406
IN19A088	FBbt:20010407
IN19A089	FBbt:20010408
IN19A090	FBbt:20010409
IN19A091	FBbt:20010410
IN19A092	FBbt:20010411
IN19A093	FBbt:20010412
IN19A094	FBbt:20010413
IN19A095	FBbt:20010414
IN19A096	FBbt:20010415
IN19A098	FBbt:20010416
IN19A099	FBbt:20010417
IN19A100	FBbt:20010418
IN19A101	FBbt:20010419
IN19A102	FBbt:20010420
IN19A103	FBbt:20010421
IN19A104	FBbt:20010422
IN19A105	FBbt:20010423
IN19A106	FBbt:20010424
IN19A107	FBbt:20010425
IN19A108	FBbt:20010426
IN19A109	FBbt:20010427
IN19A110	FBbt:20010428
IN19A111	FBbt:20010429
IN19A112	FBbt:20010430
IN19A113	FBbt:20010431
IN19A114	FBbt:20010432
IN19A115	FBbt:20010433
IN19A116	FBbt:20010434
IN19A117	FBbt:20010435
IN19A118	FBbt:20010436
IN19A119	FBbt:20010437
IN19A120	FBbt:20010438
IN19A121	FBbt:20010439
IN19A122	FBbt:20010440
IN19A123	FBbt:20010441
IN19A124	FBbt:20010442
IN19A125	FBbt:20010443
IN19A126	FBbt:20010444
IN19A127	FBbt:20010445
IN19A128	FBbt:20010446
IN19A129	FBbt:20010447
IN19A130	FBbt:20010448
IN19A131	FBbt:20010449
IN19A132	FBbt:20010450
IN19A133	FBbt:20010451
IN19A134	FBbt:20010452
IN19A135	FBbt:20010453
IN19A136	FBbt:20010454
IN19A137	FBbt:20010455
IN19A138	FBbt:20010456
IN19A139	FBbt:20010457
IN19A140	FBbt:20010458
IN19A141	FBbt:20010459
IN19A142	FBbt:20010460
IN19B002	FBbt:20010461
IN19B003	FBbt:20010462
IN19B004	FBbt:20010463
IN19B005	FBbt:20010464
IN19B007	FBbt:20010465
IN19B008	FBbt:20010466
IN19B011	FBbt:20010467
IN19B012	FBbt:20010468
IN19B013	FBbt:20010469
IN19B015	FBbt:20010470
IN19B016	FBbt:20010471
IN19B020	FBbt:20010472
IN19B021	FBbt:20010473
IN19B023	FBbt:20010474
IN19B027	FBbt:20010475
IN19B029	FBbt:20010476
IN19B030	FBbt:20010477
IN19B031	FBbt:20010478
IN19B033	FBbt:20010479
IN19B034	FBbt:20010480
IN19B035	FBbt:20010481
IN19B037	FBbt:20010482
IN19B038	FBbt:20010483
IN19B040	FBbt:20010484
IN19B041	FBbt:20010485
IN19B043	FBbt:20010486
IN19B045	FBbt:20010487
IN19B047	FBbt:20010488
IN19B048	FBbt:20010489
IN19B050	FBbt:20010490
IN19B052	FBbt:20010491
IN19B053	FBbt:20010492
IN19B054	FBbt:20010493
IN19B055	FBbt:20010494
IN19B056	FBbt:20010495
IN19B057	FBbt:20010496
IN19B058	FBbt:20010497
IN19B062	FBbt:20010498
IN19B064	FBbt:20010499
IN19B066	FBbt:20010500
IN19B067	FBbt:20010501
IN19B068	FBbt:20010502
IN19B069	FBbt:20010503
IN19B070	FBbt:20010504
IN19B071	FBbt:20010505
IN19B072	FBbt:20010506
IN19B073	FBbt:20010507
IN19B075	FBbt:20010508
IN19B077	FBbt:20010509
IN19B078	FBbt:20010510
IN19B080	FBbt:20010511
IN19B081	FBbt:20010512
IN19B082	FBbt:20010513
IN19B083	FBbt:20010514
IN19B084	FBbt:20010515
IN19B085	FBbt:20010516
IN19B086	FBbt:20010517
IN19B087	FBbt:20010518
IN19B088	FBbt:20010519
IN19B089	FBbt:20010520
IN19B090	FBbt:20010521
IN19B091	FBbt:20010522
IN19B092	FBbt:20010523
IN19B094	FBbt:20010524
IN19B095	FBbt:20010525
IN19B096	FBbt:20010526
IN19B097	FBbt:20010527
IN19B103	FBbt:20010528
IN19B105	FBbt:20010529
IN20A.22A001	FBbt:20010530
IN20A.22A002	FBbt:20010531
IN20A.22A003	FBbt:20010532
IN20A.22A004	FBbt:20010533
IN20A.22A005	FBbt:20010534
IN20A.22A006	FBbt:20010535
IN20A.22A007	FBbt:20010536
IN20A.22A008	FBbt:20010537
IN20A.22A009	FBbt:20010538
IN20A.22A010	FBbt:20010539
IN20A.22A011	FBbt:20010540
IN20A.22A012	FBbt:20010541
IN20A.22A013	FBbt:20010542
IN20A.22A015	FBbt:20010543
IN20A.22A016	FBbt:20010544
IN20A.22A017	FBbt:20010545
IN20A.22A018	FBbt:20010546
IN20A.22A019	FBbt:20010547
IN20A.22A021	FBbt:20010548
IN20A.22A022	FBbt:20010549
IN20A.22A023	FBbt:20010550
IN20A.22A024	FBbt:20010551
IN20A.22A025	FBbt:20010552
IN20A.22A026	FBbt:20010553
IN20A.22A027	FBbt:20010554
IN20A.22A028	FBbt:20010555
IN20A.22A029	FBbt:20010556
IN20A.22A030	FBbt:20010557
IN20A.22A032	FBbt:20010558
IN20A.22A033	FBbt:20010559
IN20A.22A034	FBbt:20010560
IN20A.22A035	FBbt:20010561
IN20A.22A036	FBbt:20010562
IN20A.22A037	FBbt:20010563
IN20A.22A038	FBbt:20010564
IN20A.22A039	FBbt:20010565
IN20A.22A040	FBbt:20010566
IN20A.22A041	FBbt:20010567
IN20A.22A042	FBbt:20010568
IN20A.22A043	FBbt:20010569
IN20A.22A044	FBbt:20010570
IN20A.22A045	FBbt:20010571
IN20A.22A046	FBbt:20010572
IN20A.22A047	FBbt:20010573
IN20A.22A048	FBbt:20010574
IN20A.22A049	FBbt:20010575
IN20A.22A050	FBbt:20010576
IN20A.22A051	FBbt:20010577
IN20A.22A052	FBbt:20010578
IN20A.22A053	FBbt:20010579
IN20A.22A054	FBbt:20010580
IN20A.22A055	FBbt:20010581
IN20A.22A056	FBbt:20010582
IN20A.22A057	FBbt:20010583
IN20A.22A058	FBbt:20010584
IN20A.22A059	FBbt:20010585
IN20A.22A060	FBbt:20010586
IN20A.22A061	FBbt:20010587
IN20A.22A062	FBbt:20010588
IN20A.22A063	FBbt:20010589
IN20A.22A064	FBbt:20010590
IN20A.22A065	FBbt:20010591
IN20A.22A066	FBbt:20010592
IN20A.22A067	FBbt:20010593
IN20A.22A068	FBbt:20010594
IN20A.22A069	FBbt:20010595
IN20A.22A070	FBbt:20010596
IN20A.22A071	FBbt:20010597
IN20A.22A072	FBbt:20010598
IN20A.22A073	FBbt:20010599
IN20A.22A074	FBbt:20010600
IN20A.22A076	FBbt:20010601
IN20A.22A077	FBbt:20010602
IN20A.22A078	FBbt:20010603
IN20A.22A079	FBbt:20010604
IN20A.22A080	FBbt:20010605
IN20A.22A081	FBbt:20010606
IN20A.22A082	FBbt:20010607
IN20A.22A083	FBbt:20010608
IN20A.22A084	FBbt:20010609
IN20A.22A085	FBbt:20010610
IN20A.22A086	FBbt:20010611
IN20A.22A087	FBbt:20010612
IN20A.22A088	FBbt:20010613
IN20A.22A089	FBbt:20010614
IN20A.22A090	FBbt:20010615
IN20A.22A091	FBbt:20010616
IN20A.22A092	FBbt:20010617
IN21A001	FBbt:20010618
IN21A002	FBbt:20010619
IN21A003	FBbt:20010620
IN21A004	FBbt:20010621
IN21A005	FBbt:20010622
IN21A006	FBbt:20010623
IN21A007	FBbt:20010624
IN21A008	FBbt:20010625
IN21A009	FBbt:20010626
IN21A010	FBbt:20010627
IN21A011	FBbt:20010628
IN21A012	FBbt:20010629
IN21A013	FBbt:20010630
IN21A014	FBbt:20010631
IN21A015	FBbt:20010632
IN21A016	FBbt:20010633
IN21A017	FBbt:20010634
IN21A018	FBbt:20010635
IN21A019	FBbt:20010636
IN21A020	FBbt:20010637
IN21A021	FBbt:20010638
IN21A022	FBbt:20010639
IN21A023	FBbt:20010640
IN21A024	FBbt:20010641
IN21A025	FBbt:20010642
IN21A026	FBbt:20010643
IN21A027	FBbt:20010644
IN21A028	FBbt:20010645
IN21A029	FBbt:20010646
IN21A030	FBbt:20010647
IN21A031	FBbt:20010648
IN21A032	FBbt:20010649
IN21A033	FBbt:20010650
IN21A034	FBbt:20010651
IN21A035	FBbt:20010652
IN21A036	FBbt:20010653
IN21A037	FBbt:20010654
IN21A038	FBbt:20010655
IN21A039	FBbt:20010656
IN21A040	FBbt:20010657
IN21A041	FBbt:20010658
IN21A042	FBbt:20010659
IN21A043	FBbt:20010660
IN21A044	FBbt:20010661
IN21A045	FBbt:20010662
IN21A046	FBbt:20010663
IN21A047	FBbt:20010664
IN21A048	FBbt:20010665
IN21A049	FBbt:20010666
IN21A050	FBbt:20010667
IN21A051	FBbt:20010668
IN21A052	FBbt:20010669
IN21A053	FBbt:20010670
IN21A054	FBbt:20010671
IN21A055	FBbt:20010672
IN21A056	FBbt:20010673
IN21A057	FBbt:20010674
IN21A058	FBbt:20010675
IN21A059	FBbt:20010676
IN21A060	FBbt:20010677
IN21A061	FBbt:20010678
IN21A062	FBbt:20010679
IN21A063	FBbt:20010680
IN21A064	FBbt:20010681
IN21A065	FBbt:20010682
IN21A066	FBbt:20010683
IN21A067	FBbt:20010684
IN21A068	FBbt:20010685
IN21A069	FBbt:20010686
IN21A070	FBbt:20010687
IN21A071	FBbt:20010688
IN21A072	FBbt:20010689
IN21A073	FBbt:20010690
IN21A074	FBbt:20010691
IN21A075	FBbt:20010692
IN21A076	FBbt:20010693
IN21A077	FBbt:20010694
IN21A078	FBbt:20010695
IN21A079	FBbt:20010696
IN21A080	FBbt:20010697
IN21A081	FBbt:20010698
IN21A082	FBbt:20010699
IN21A083	FBbt:20010700
IN21A084	FBbt:20010701
IN21A085	FBbt:20010702
IN21A086	FBbt:20010703
IN21A087	FBbt:20010704
IN21A088	FBbt:20010705
IN21A089	FBbt:20010706
IN21A090	FBbt:20010707
IN21A091	FBbt:20010708
IN21A092	FBbt:20010709
IN21A093	FBbt:20010710
IN21A094	FBbt:20010711
IN21A095	FBbt:20010712
IN21A096	FBbt:20010713
IN21A097	FBbt:20010714
IN21A098	FBbt:20010715
IN21A099	FBbt:20010716
IN21A100	FBbt:20010717
IN21A101	FBbt:20010718
IN21A102	FBbt:20010719
IN21A103	FBbt:20010720
IN21A104	FBbt:20010721
IN21A105	FBbt:20010722
IN21A106	FBbt:20010723
IN21A107	FBbt:20010724
IN21A108	FBbt:20010725
IN21A109	FBbt:20010726
IN21A111	FBbt:20010727
IN21A112	FBbt:20010728
IN21A113	FBbt:20010729
IN21A114	FBbt:20010730
IN21A115	FBbt:20010731
IN23B001	FBbt:20010732
IN23B005	FBbt:20010733
IN23B006	FBbt:20010734
IN23B007	FBbt:20010735
IN23B008	FBbt:20010736
IN23B009	FBbt:20010737
IN23B011	FBbt:20010738
IN23B012	FBbt:20010739
IN23B013	FBbt:20010740
IN23B014	FBbt:20010741
IN23B016	FBbt:20010742
IN23B017	FBbt:20010743
IN23B018	FBbt:20010744
IN23B020	FBbt:20010745
IN23B021	FBbt:20010746
IN23B022	FBbt:20010747
IN23B023	FBbt:20010748
IN23B024	FBbt:20010749
IN23B025	FBbt:20010750
IN23B027	FBbt:20010751
IN23B028	FBbt:20010752
IN23B029	FBbt:20010753
IN23B030	FBbt:20010754
IN23B031	FBbt:20010755
IN23B032	FBbt:20010756
IN23B033	FBbt:20010757
IN23B034	FBbt:20010758
IN23B035	FBbt:20010759
IN23B036	FBbt:20010760
IN23B037	FBbt:20010761
IN23B038	FBbt:20010762
IN23B039	FBbt:20010763
IN23B040	FBbt:20010764
IN23B041	FBbt:20010765
IN23B042	FBbt:20010766
IN23B043	FBbt:20010767
IN23B044	FBbt:20010768
IN23B045	FBbt:20010769
IN23B046	FBbt:20010770
IN23B047	FBbt:20010771
IN23B048	FBbt:20010772
IN23B049	FBbt:20010773
IN23B050	FBbt:20010774
IN23B051	FBbt:20010775
IN23B052	FBbt:20010776
IN23B053	FBbt:20010777
IN23B054	FBbt:20010778
IN23B055	FBbt:20010779
IN23B056	FBbt:20010780
IN23B057	FBbt:20010781
IN23B058	FBbt:20010782
IN23B059	FBbt:20010783
IN23B060	FBbt:20010784
IN23B061	FBbt:20010785
IN23B062	FBbt:20010786
IN23B063	FBbt:20010787
IN23B064	FBbt:20010788
IN23B065	FBbt:20010789
IN23B066	FBbt:20010790
IN23B067	FBbt:20010791
IN23B068	FBbt:20010792
IN23B069	FBbt:20010793
IN23B070	FBbt:20010794
IN23B071	FBbt:20010795
IN23B072	FBbt:20010796
IN23B073	FBbt:20010797
IN23B074	FBbt:20010798
IN23B075	FBbt:20010799
IN23B076	FBbt:20010800
IN23B077	FBbt:20010801
IN23B078	FBbt:20010802
IN23B079	FBbt:20010803
IN23B080	FBbt:20010804
IN23B081	FBbt:20010805
IN23B082	FBbt:20010806
IN23B083	FBbt:20010807
IN23B084	FBbt:20010808
IN23B085	FBbt:20010809
IN23B086	FBbt:20010810
IN23B087	FBbt:20010811
IN23B088	FBbt:20010812
IN23B089	FBbt:20010813
IN23B090	FBbt:20010814
IN23B091	FBbt:20010815
IN23B092	FBbt:20010816
IN23B093	FBbt:20010817
IN23B094	FBbt:20010818
IN26X001	FBbt:20010819
IN26X002	FBbt:20010820
IN26X003	FBbt:20010821
IN27X001	FBbt:20010822
IN27X002	FBbt:20004148
IN27X003	FBbt:20010823
IN27X004	FBbt:20010824
IN27X005	FBbt:20010825
IN27X007	FBbt:20010826
IN27X014	FBbt:20010827
INXXX003	FBbt:20010828
INXXX004	FBbt:20010829
INXXX007	FBbt:20010830
INXXX008	FBbt:20010831
INXXX019	FBbt:20010832
INXXX022	FBbt:20010833
INXXX023	FBbt:20010834
INXXX025	FBbt:20010835
INXXX027	FBbt:20010836
INXXX029	FBbt:20010837
INXXX031	FBbt:20010838
INXXX032	FBbt:20010839
INXXX034	FBbt:20010840
INXXX035	FBbt:20010841
INXXX036	FBbt:20010842
INXXX038	FBbt:20010843
INXXX039	FBbt:20010844
INXXX042	FBbt:20010845
INXXX044	FBbt:20010846
INXXX045	FBbt:20010847
INXXX048	FBbt:20010848
INXXX052	FBbt:20010849
INXXX053	FBbt:20010850
INXXX054	FBbt:20010851
INXXX056	FBbt:20010852
INXXX058	FBbt:20010853
INXXX062	FBbt:20010854
INXXX063	FBbt:20010855
INXXX064	FBbt:20010856
INXXX065	FBbt:20010857
INXXX066	FBbt:20010858
INXXX069	FBbt:20010859
INXXX073	FBbt:20010860
INXXX076	FBbt:20010861
INXXX077	FBbt:20010862
INXXX078	FBbt:20010863
INXXX083	FBbt:20010864
INXXX084	FBbt:20010865
INXXX087	FBbt:20010866
INXXX089	FBbt:20010867
INXXX091	FBbt:20010868
INXXX095	FBbt:20010869
INXXX096	FBbt:20010870
INXXX100	FBbt:20010871
INXXX101	FBbt:20010872
INXXX104	FBbt:20010873
INXXX107	FBbt:20010874
INXXX110	FBbt:20010875
INXXX111	FBbt:20010876
INXXX112	FBbt:20010877
INXXX114	FBbt:20010878
INXXX115	FBbt:20010879
INXXX119	FBbt:20010880
INXXX121	FBbt:20010881
INXXX122	FBbt:20010882
INXXX124	FBbt:20010883
INXXX126	FBbt:20010884
INXXX129	FBbt:20010885
INXXX133	FBbt:20010886
INXXX134	FBbt:20010887
INXXX135	FBbt:20010888
INXXX137	FBbt:20010889
INXXX138	FBbt:20010890
INXXX140	FBbt:20010891
INXXX142	FBbt:20010892
INXXX143	FBbt:20010893
INXXX146	FBbt:20010894
INXXX147	FBbt:20010895
INXXX149	FBbt:20010896
INXXX153	FBbt:20010897
INXXX158	FBbt:20010898
INXXX159	FBbt:20010899
INXXX161	FBbt:20010900
INXXX167	FBbt:20010901
INXXX173	FBbt:20010902
INXXX179	FBbt:20010903
INXXX180	FBbt:20010904
INXXX181	FBbt:20010905
INXXX183	FBbt:20010906
INXXX184	FBbt:20010907
INXXX188	FBbt:20010908
INXXX192	FBbt:20010909
INXXX193	FBbt:20010910
INXXX194	FBbt:20010911
INXXX197	FBbt:20010912
INXXX198	FBbt:20010913
INXXX199	FBbt:20010914
INXXX201	FBbt:20010915
INXXX204	FBbt:20010916
INXXX206	FBbt:20010917
INXXX209	FBbt:20010918
INXXX211	FBbt:20010919
INXXX212	FBbt:20010920
INXXX213	FBbt:20010921
INXXX215	FBbt:20010922
INXXX216	FBbt:20010923
INXXX217	FBbt:20010924
INXXX219	FBbt:20010925
INXXX220	FBbt:20010926
INXXX221	FBbt:20010927
INXXX223	FBbt:20010928
INXXX224	FBbt:20010929
INXXX225	FBbt:20010930
INXXX227	FBbt:20010931
INXXX228	FBbt:20010932
INXXX230	FBbt:20010933
INXXX231	FBbt:20010934
INXXX232	FBbt:20010935
INXXX233	FBbt:20010936
INXXX234	FBbt:20010937
INXXX235	FBbt:20010938
INXXX237	FBbt:20010939
INXXX238	FBbt:20010940
INXXX239	FBbt:20010941
INXXX240	FBbt:20010942
INXXX241	FBbt:20010943
INXXX242	FBbt:20010944
INXXX243	FBbt:20010945
INXXX244	FBbt:20010946
INXXX245	FBbt:20010947
INXXX246	FBbt:20010948
INXXX247	FBbt:20010949
INXXX249	FBbt:20010950
INXXX251	FBbt:20010951
INXXX252	FBbt:20010952
INXXX253	FBbt:20010953
INXXX256	FBbt:20010954
INXXX257	FBbt:20010955
INXXX258	FBbt:20010956
INXXX260	FBbt:20010957
INXXX261	FBbt:20010958
INXXX262	FBbt:20010959
INXXX263	FBbt:20010960
INXXX265	FBbt:20010961
INXXX266	FBbt:20010962
INXXX267	FBbt:20010963
INXXX268	FBbt:20010964
INXXX269	FBbt:20010965
INXXX270	FBbt:20010966
INXXX271	FBbt:20010967
INXXX273	FBbt:20010968
INXXX275	FBbt:20010969
INXXX276	FBbt:20010970
INXXX279	FBbt:20010971
INXXX280	FBbt:20010972
INXXX281	FBbt:20010973
INXXX282	FBbt:20010974
INXXX283	FBbt:20010975
INXXX284	FBbt:20010976
INXXX285	FBbt:20010977
INXXX287	FBbt:20010978
INXXX288	FBbt:20010979
INXXX290	FBbt:20010980
INXXX292	FBbt:20010981
INXXX293	FBbt:20010982
INXXX294	FBbt:20010983
INXXX295	FBbt:20010984
INXXX297	FBbt:20010985
INXXX299	FBbt:20010986
INXXX300	FBbt:20010987
INXXX301	FBbt:20010988
INXXX302	FBbt:20010989
INXXX303	FBbt:20010990
INXXX304	FBbt:20010991
INXXX305	FBbt:20010992
INXXX306	FBbt:20010993
INXXX307	FBbt:20010994
INXXX309	FBbt:20010995
INXXX310	FBbt:20010996
INXXX315	FBbt:20010997
INXXX316	FBbt:20010998
INXXX317	FBbt:20010999
INXXX319	FBbt:20011000
INXXX320	FBbt:20011001
INXXX321	FBbt:20011002
INXXX322	FBbt:20011003
INXXX324	FBbt:20011004
INXXX325	FBbt:20011005
INXXX326	FBbt:20011006
INXXX328	FBbt:20011007
INXXX329	FBbt:20011008
INXXX331	FBbt:20011009
INXXX332	FBbt:20011010
INXXX333	FBbt:20011011
INXXX334	FBbt:20011012
INXXX335	FBbt:20011013
INXXX336	FBbt:20011014
INXXX337	FBbt:20011015
INXXX339	FBbt:20011016
INXXX340	FBbt:20011017
INXXX341	FBbt:20011018
INXXX343	FBbt:20011019
INXXX345	FBbt:20011020
INXXX346	FBbt:20011021
INXXX347	FBbt:20011022
INXXX348	FBbt:20011023
INXXX349	FBbt:20011024
INXXX350	FBbt:20011025
INXXX351	FBbt:20011026
INXXX352	FBbt:20011027
INXXX353	FBbt:20011028
INXXX354	FBbt:20011029
INXXX355	FBbt:20011030
INXXX357	FBbt:20011031
INXXX359	FBbt:20011032
INXXX360	FBbt:20011033
INXXX363	FBbt:20011034
INXXX364	FBbt:20011035
INXXX365	FBbt:20011036
INXXX366	FBbt:20011037
INXXX369	FBbt:20011038
INXXX370	FBbt:20011039
INXXX372	FBbt:20011040
INXXX373	FBbt:20011041
INXXX374	FBbt:20011042
INXXX375	FBbt:20011043
INXXX376	FBbt:20011044
INXXX377	FBbt:20011045
INXXX378	FBbt:20011046
INXXX379	FBbt:20011047
INXXX381	FBbt:20011048
INXXX382	FBbt:20011049
INXXX383	FBbt:20011050
INXXX384	FBbt:20011051
INXXX385	FBbt:20011052
INXXX386	FBbt:20011053
INXXX387	FBbt:20011054
INXXX388	FBbt:20011055
INXXX390	FBbt:20011056
INXXX391	FBbt:20011057
INXXX392	FBbt:20011058
INXXX393	FBbt:20011059
INXXX394	FBbt:20011060
INXXX395	FBbt:20011061
INXXX396	FBbt:20011062
INXXX397	FBbt:20011063
INXXX398	FBbt:20011064
INXXX399	FBbt:20011065
INXXX400	FBbt:20011066
INXXX401	FBbt:20011067
INXXX402	FBbt:20011068
INXXX403	FBbt:20011069
INXXX405	FBbt:20011070
INXXX406	FBbt:20011071
INXXX407	FBbt:20011072
INXXX408	FBbt:20011073
INXXX409	FBbt:20011074
INXXX411	FBbt:20011075
INXXX412	FBbt:20011076
INXXX414	FBbt:20011077
INXXX415	FBbt:20011078
INXXX416	FBbt:20011079
INXXX417	FBbt:20011080
INXXX418	FBbt:20011081
INXXX419	FBbt:20011082
INXXX420	FBbt:20011083
INXXX421	FBbt:20011084
INXXX423	FBbt:20011085
INXXX424	FBbt:20011086
INXXX425	FBbt:20011087
INXXX426	FBbt:20011088
INXXX427	FBbt:20011089
INXXX428	FBbt:20011090
INXXX429	FBbt:20011091
INXXX430	FBbt:20011092
INXXX431	FBbt:20011093
INXXX436	FBbt:20011094
INXXX437	FBbt:20011095
INXXX438	FBbt:20011096
INXXX439	FBbt:20011097
INXXX440	FBbt:20011098
INXXX441	FBbt:20011099
INXXX442	FBbt:20011100
INXXX443	FBbt:20011101
INXXX444	FBbt:20011102
INXXX446	FBbt:20011103
INXXX447	FBbt:20011104
INXXX448	FBbt:20011105
INXXX449	FBbt:20011106
INXXX450	FBbt:20011107
INXXX451	FBbt:20011108
INXXX452	FBbt:20011109
INXXX454	FBbt:20011110
INXXX455	FBbt:20011111
INXXX456	FBbt:20011112
INXXX457	FBbt:20011113
INXXX458	FBbt:20011114
INXXX459	FBbt:20011115
INXXX460	FBbt:20011116
INXXX464	FBbt:20011117
INXXX466	FBbt:20011118
INXXX467	FBbt:20011119
INXXX468	FBbt:20011120
INXXX469	FBbt:20011121
MNad01	FBbt:20011122
MNad02	FBbt:20011123
MNad03	FBbt:20011124
MNad04	FBbt:20011125
MNad05	FBbt:20011126
MNad06	FBbt:20011127
MNad08	FBbt:20011128
MNad09	FBbt:20011129
MNad10	FBbt:20011130
MNad11	FBbt:20011131
MNad12	FBbt:20011132
MNad13	FBbt:20011133
MNad14	FBbt:20011134
MNad15	FBbt:20011135
MNad16	FBbt:20011136
MNad17	FBbt:20011137
MNad18	FBbt:20011138
MNad19	FBbt:20011139
MNad20	FBbt:20011140
MNad21	FBbt:20011141
MNad22	FBbt:20011142
MNad23	FBbt:20011143
MNad24	FBbt:20011144
MNad25	FBbt:20011145
MNad26	FBbt:20011146
MNad27	FBbt:20011147
MNad28	FBbt:20011148
MNad29	FBbt:20011149
MNad30	FBbt:20011150
MNad31	FBbt:20011151
MNad32	FBbt:20011152
MNad33	FBbt:20011153
MNad34	FBbt:20011154
MNad35	FBbt:20011155
MNad36	FBbt:20011156
MNad37	FBbt:20011157
MNad38	FBbt:20011158
MNad39	FBbt:20011159
MNad40	FBbt:20011160
MNad41	FBbt:20011161
MNad42	FBbt:20011162
MNad43	FBbt:20011163
MNad44	FBbt:20011164
MNad45	FBbt:20011165
MNad46	FBbt:20011166
MNad47	FBbt:20011167
MNad48	FBbt:20011168
MNad49	FBbt:20011169
MNad50	FBbt:20011170
MNad51	FBbt:20011171
MNad52	FBbt:20011172
MNad53	FBbt:20011173
MNad54	FBbt:20011174
MNad55	FBbt:20011175
MNad56	FBbt:20011176
MNad57	FBbt:20011177
MNad58	FBbt:20011178
MNad59	FBbt:20011179
MNad61	FBbt:20011180
MNad62	FBbt:20011181
MNad63	FBbt:20011182
MNad64	FBbt:20011183
MNad65	FBbt:20011184
MNad66	FBbt:20011185
MNad67	FBbt:20011186
MNad68	FBbt:20011187
MNad69	FBbt:20011188
MNfl10	FBbt:20011189
MNhl01	FBbt:20011190
MNhl02	FBbt:20011191
MNhl29	FBbt:20011192
MNhl59	FBbt:20011193
MNhl60	FBbt:20011194
MNhl61	FBbt:20011195
MNhl62	FBbt:20011196
MNhl63	FBbt:20011197
MNhl64	FBbt:20011198
MNhl65	FBbt:20011199
MNhl66	FBbt:20011200
MNhl67	FBbt:20011201
MNhl68	FBbt:20011202
MNhl69	FBbt:20011203
MNhl70	FBbt:20011204
MNhl71	FBbt:20011205
MNhl72	FBbt:20011206
MNhl73	FBbt:20011207
MNhl74	FBbt:20011208
MNhl75	FBbt:20011209
MNhl87	FBbt:20011210
MNhl88	FBbt:20011211
MNml10	FBbt:20011212
MNml29	FBbt:20011213
MNml76	FBbt:20011214
MNml77	FBbt:20011215
MNml78	FBbt:20011216
MNml79	FBbt:20011217
MNml80	FBbt:20011218
MNml81	FBbt:20011219
MNml82	FBbt:20011220
MNml83	FBbt:20011221
MNml84	FBbt:20011222
MNml85	FBbt:20011223
MNml86	FBbt:20011224
MNxm01	FBbt:20011225
MNxm02	FBbt:20011226
MNxm03	FBbt:20011227
SAch01	FBbt:20011228
SAch02	FBbt:20011229
SAxx01	FBbt:20011230
SAxx02	FBbt:20011231
SNch01	FBbt:20011232
SNch05	FBbt:20011233
SNch06	FBbt:20011234
SNch07	FBbt:20011235
SNch08	FBbt:20011236
SNch09	FBbt:20011237
SNch10	FBbt:20011238
SNch11	FBbt:20011239
SNch13	FBbt:20011240
SNch14	FBbt:20011241
SNch15	FBbt:20011242
SNch16	FBbt:20011243
SNpp12	FBbt:20011244
SNpp13	FBbt:20011245
SNpp14	FBbt:20011246
SNpp15	FBbt:20011247
SNpp20	FBbt:20011248
SNpp21	FBbt:20011249
SNpp23	FBbt:20011250
SNpp25	FBbt:20011251
SNpp34	FBbt:20011252
SNpp35	FBbt:20011253
SNpp42	FBbt:20011254
SNpp44	FBbt:20011255
SNpp46	FBbt:20011256
SNpp48	FBbt:20011257
SNpp49	FBbt:20011258
SNpp55	FBbt:20011259
SNpp61	FBbt:20011260
SNpp62	FBbt:20011261
SNta01	FBbt:20011262
SNta02	FBbt:20011263
SNta05	FBbt:20011264
SNta06	FBbt:20011265
SNta09	FBbt:20011266
SNta10	FBbt:20011267
SNta12	FBbt:20011268
SNta13	FBbt:20011269
SNta19	FBbt:20011270
SNta20	FBbt:20011271
SNta21	FBbt:20011272
SNta22	FBbt:20011273
SNta23	FBbt:20011274
SNta24	FBbt:20011275
SNta25	FBbt:20011276
SNta26	FBbt:20011277
SNta27	FBbt:20011278
SNta28	FBbt:20011279
SNta29	FBbt:20011280
SNta30	FBbt:20011281
SNta31	FBbt:20011282
SNta32	FBbt:20011283
SNta33	FBbt:20011284
SNta34	FBbt:20011285
SNta35	FBbt:20011286
SNta36	FBbt:20011287
SNta37	FBbt:20011288
SNta38	FBbt:20011289
SNta39	FBbt:20011290
SNta40	FBbt:20011291
SNta41	FBbt:20011292
SNta42	FBbt:20011293
SNta43	FBbt:20011294
SNta44	FBbt:20011295
SNta45	FBbt:20011296
SNxx01	FBbt:20011297
SNxx02	FBbt:20011298
SNxx03	FBbt:20011299
SNxx04	FBbt:20011300
SNxx05	FBbt:20011301
SNxx06	FBbt:20011302
SNxx07	FBbt:20011303
SNxx08	FBbt:20011304
SNxx09	FBbt:20011305
SNxx10	FBbt:20011306
SNxx11	FBbt:20011307
SNxx12	FBbt:20011308
SNxx13	FBbt:20011309
SNxx14	FBbt:20011310
SNxx15	FBbt:20011311
SNxx16	FBbt:20011312
SNxx17	FBbt:20011313
SNxx18	FBbt:20011314
SNxx19	FBbt:20011315
SNxx20	FBbt:20011316
SNxx21	FBbt:20011317
SNxx22	FBbt:20011318
SNxx23	FBbt:20011319
SNxx24	FBbt:20011320
SNxx25	FBbt:20011321
SNxx26	FBbt:20011322
SNxx27	FBbt:20011323
SNxx28	FBbt:20011324
SNxx29	FBbt:20011325
SNxx30	FBbt:20011326
SNxx31	FBbt:20011327
SNxx32	FBbt:20011328
SNxx33	FBbt:20011329