male-cns_region	FBbt_id	FBbt_name	notes
AB(L)	FBbt:00110172	asymmetrical body	
AB(R)	FBbt:00110172	asymmetrical body	
ADMN(L)	FBbt:00004060	adult anterior dorsal mesothoracic nerve	
ADMN(R)	FBbt:00004060	adult anterior dorsal mesothoracic nerve	
AL(L)	FBbt:00007401	adult antennal lobe	
AL(R)	FBbt:00007401	adult antennal lobe	
AL-D(L)	FBbt:00003960	antennal lobe glomerulus D	
AL-D(R)	FBbt:00003960	antennal lobe glomerulus D	
AL-DA1(L)	FBbt:00003932	antennal lobe glomerulus DA1	
AL-DA1(R)	FBbt:00003932	antennal lobe glomerulus DA1	
AL-DA2(L)	FBbt:00003933	antennal lobe glomerulus DA2	
AL-DA2(R)	FBbt:00003933	antennal lobe glomerulus DA2	
AL-DA3(L)	FBbt:00003934	antennal lobe glomerulus DA3	
AL-DA3(R)	FBbt:00003934	antennal lobe glomerulus DA3	
AL-DA4l(L)	FBbt:00007360	antennal lobe glomerulus DA4l	
AL-DA4l(R)	FBbt:00007360	antennal lobe glomerulus DA4l	
AL-DA4m(L)	FBbt:00007361	antennal lobe glomerulus DA4m	
AL-DA4m(R)	FBbt:00007361	antennal lobe glomerulus DA4m	
AL-DC1(L)	FBbt:00003961	antennal lobe glomerulus DC1	
AL-DC1(R)	FBbt:00003961	antennal lobe glomerulus DC1	
AL-DC2(L)	FBbt:00003962	antennal lobe glomerulus DC2	
AL-DC2(R)	FBbt:00003962	antennal lobe glomerulus DC2	
AL-DC3(L)	FBbt:00003963	antennal lobe glomerulus DC3	
AL-DC3(R)	FBbt:00003963	antennal lobe glomerulus DC3	
AL-DC4(L)	FBbt:00100531	antennal lobe glomerulus DC4	
AL-DC4(R)	FBbt:00100531	antennal lobe glomerulus DC4	
AL-DL1(L)	FBbt:00003968	antennal lobe glomerulus DL1	
AL-DL1(R)	FBbt:00003968	antennal lobe glomerulus DL1	
AL-DL2d(L)	FBbt:00100377	antennal lobe glomerulus DL2d	
AL-DL2d(R)	FBbt:00100377	antennal lobe glomerulus DL2d	
AL-DL2v(L)	FBbt:00100376	antennal lobe glomerulus DL2v	
AL-DL2v(R)	FBbt:00100376	antennal lobe glomerulus DL2v	
AL-DL3(L)	FBbt:00003964	antennal lobe glomerulus DL3	
AL-DL3(R)	FBbt:00003964	antennal lobe glomerulus DL3	
AL-DL4(L)	FBbt:00003965	antennal lobe glomerulus DL4	
AL-DL4(R)	FBbt:00003965	antennal lobe glomerulus DL4	
AL-DL5(L)	FBbt:00003970	antennal lobe glomerulus DL5	
AL-DL5(R)	FBbt:00003970	antennal lobe glomerulus DL5	
AL-DM1(L)	FBbt:00003975	antennal lobe glomerulus DM1	
AL-DM1(R)	FBbt:00003975	antennal lobe glomerulus DM1	
AL-DM2(L)	FBbt:00003971	antennal lobe glomerulus DM2	
AL-DM2(R)	FBbt:00003971	antennal lobe glomerulus DM2	
AL-DM3(L)	FBbt:00003972	antennal lobe glomerulus DM3	
AL-DM3(R)	FBbt:00003972	antennal lobe glomerulus DM3	
AL-DM4(L)	FBbt:00003976	antennal lobe glomerulus DM4	
AL-DM4(R)	FBbt:00003976	antennal lobe glomerulus DM4	
AL-DM5(L)	FBbt:00003940	antennal lobe glomerulus DM5	
AL-DM5(R)	FBbt:00003940	antennal lobe glomerulus DM5	
AL-DM6(L)	FBbt:00003941	antennal lobe glomerulus DM6	
AL-DM6(R)	FBbt:00003941	antennal lobe glomerulus DM6	
AL-DP1l(L)	FBbt:00007098	antennal lobe glomerulus DP1l	
AL-DP1l(R)	FBbt:00007098	antennal lobe glomerulus DP1l	
AL-DP1m(L)	FBbt:00007097	antennal lobe glomerulus DP1m	
AL-DP1m(R)	FBbt:00007097	antennal lobe glomerulus DP1m	
AL-V(L)	FBbt:00003951	antennal lobe glomerulus V	
AL-V(R)	FBbt:00003951	antennal lobe glomerulus V	
AL-VA1d(L)	FBbt:00007101	antennal lobe glomerulus VA1d	
AL-VA1d(R)	FBbt:00007101	antennal lobe glomerulus VA1d	
AL-VA1v(L)	FBbt:00007363	antennal lobe glomerulus VA1v	
AL-VA1v(R)	FBbt:00007363	antennal lobe glomerulus VA1v	
AL-VA2(L)	FBbt:00003942	antennal lobe glomerulus VA2	
AL-VA2(R)	FBbt:00003942	antennal lobe glomerulus VA2	
AL-VA3(L)	FBbt:00003943	antennal lobe glomerulus VA3	
AL-VA3(R)	FBbt:00003943	antennal lobe glomerulus VA3	
AL-VA4(L)	FBbt:00003944	antennal lobe glomerulus VA4	
AL-VA4(R)	FBbt:00003944	antennal lobe glomerulus VA4	
AL-VA5(L)	FBbt:00003937	antennal lobe glomerulus VA5	
AL-VA5(R)	FBbt:00003937	antennal lobe glomerulus VA5	
AL-VA6(L)	FBbt:00003938	antennal lobe glomerulus VA6	
AL-VA6(R)	FBbt:00003938	antennal lobe glomerulus VA6	
AL-VA7l(L)	FBbt:00007103	antennal lobe glomerulus VA7l	
AL-VA7l(R)	FBbt:00007103	antennal lobe glomerulus VA7l	
AL-VA7m(L)	FBbt:00007102	antennal lobe glomerulus VA7m	
AL-VA7m(R)	FBbt:00007102	antennal lobe glomerulus VA7m	
AL-VC1(L)	FBbt:00003952	antennal lobe glomerulus VC1	
AL-VC1(R)	FBbt:00003952	antennal lobe glomerulus VC1	
AL-VC2(L)	FBbt:00003946	antennal lobe glomerulus VC2	
AL-VC2(R)	FBbt:00003946	antennal lobe glomerulus VC2	
AL-VC3(L)	FBbt:00003953	antennal lobe glomerulus VC3	
AL-VC3(R)	FBbt:00003953	antennal lobe glomerulus VC3	
AL-VC4(L)	FBbt:00007366	antennal lobe glomerulus VC4	
AL-VC4(R)	FBbt:00007366	antennal lobe glomerulus VC4	
AL-VC5(L)	FBbt:00007104	antennal lobe glomerulus VC5	
AL-VC5(R)	FBbt:00007104	antennal lobe glomerulus VC5	
AL-VL1(L)	FBbt:00003954	antennal lobe glomerulus VL1	
AL-VL1(R)	FBbt:00003954	antennal lobe glomerulus VL1	
AL-VL2a(L)	FBbt:00007106	antennal lobe glomerulus VL2a	
AL-VL2a(R)	FBbt:00007106	antennal lobe glomerulus VL2a	
AL-VL2p(L)	FBbt:00007107	antennal lobe glomerulus VL2p	
AL-VL2p(R)	FBbt:00007107	antennal lobe glomerulus VL2p	
AL-VM1(L)	FBbt:00003956	antennal lobe glomerulus VM1	
AL-VM1(R)	FBbt:00003956	antennal lobe glomerulus VM1	
AL-VM2(L)	FBbt:00003947	antennal lobe glomerulus VM2	
AL-VM2(R)	FBbt:00003947	antennal lobe glomerulus VM2	
AL-VM3(L)	FBbt:00003948	antennal lobe glomerulus VM3	
AL-VM3(R)	FBbt:00003948	antennal lobe glomerulus VM3	
AL-VM4(L)	FBbt:00003957	antennal lobe glomerulus VM4	
AL-VM4(R)	FBbt:00003957	antennal lobe glomerulus VM4	
AL-VM5d(L)	FBbt:00007391	antennal lobe glomerulus VM5d	
AL-VM5d(R)	FBbt:00007391	antennal lobe glomerulus VM5d	
AL-VM5v(L)	FBbt:00007365	antennal lobe glomerulus VM5v	
AL-VM5v(R)	FBbt:00007365	antennal lobe glomerulus VM5v	
AL-VM6(L)	FBbt:00110029	antennal lobe glomerulus VM6	
AL-VM6(R)	FBbt:00110029	antennal lobe glomerulus VM6	
AL-VM7d(L)	FBbt:00110028	antennal lobe glomerulus VM7d	
AL-VM7d(R)	FBbt:00110028	antennal lobe glomerulus VM7d	
AL-VM7v(L)	FBbt:00007092	antennal lobe glomerulus VM7v	
AL-VM7v(R)	FBbt:00007092	antennal lobe glomerulus VM7v	
AL-VP1d(L)	FBbt:00049639	antennal lobe glomerulus VP1d	
AL-VP1d(R)	FBbt:00049639	antennal lobe glomerulus VP1d	
AL-VP1l(L)	FBbt:00049640	antennal lobe glomerulus VP1l	
AL-VP1l(R)	FBbt:00049640	antennal lobe glomerulus VP1l	
AL-VP1m(L)	FBbt:00049641	antennal lobe glomerulus VP1m	
AL-VP1m(R)	FBbt:00049641	antennal lobe glomerulus VP1m	
AL-VP2(L)	FBbt:00003928	antennal lobe glomerulus VP2	
AL-VP2(R)	FBbt:00003928	antennal lobe glomerulus VP2	
AL-VP3(L)	FBbt:00003929	antennal lobe glomerulus VP3	
AL-VP3(R)	FBbt:00003929	antennal lobe glomerulus VP3	
AL-VP4(L)	FBbt:00110865	antennal lobe glomerulus VP4	
AL-VP4(R)	FBbt:00110865	antennal lobe glomerulus VP4	
AL-VP5(L)	FBbt:00047223	antennal lobe glomerulus VP5	
AL-VP5(R)	FBbt:00047223	antennal lobe glomerulus VP5	
AL-unspecified(L)			
AL-unspecified(R)			
AME(L)	FBbt:00045003	accessory medulla	
AME(R)	FBbt:00045003	accessory medulla	
AMMC(L)	FBbt:00003982	antennal mechanosensory and motor center	
AMMC(R)	FBbt:00003982	antennal mechanosensory and motor center	
ANm	FBbt:00110173	adult abdominal neuromere	
AOTU(L)	FBbt:00007059	anterior optic tubercle	
AOTU(R)	FBbt:00007059	anterior optic tubercle	
ATL(L)	FBbt:00045039	antler	
ATL(R)	FBbt:00045039	antler	
AVLP(L)	FBbt:00040043	anterior ventrolateral protocerebrum	
AVLP(R)	FBbt:00040043	anterior ventrolateral protocerebrum	
AbN1(L)	FBbt:00004105	adult first abdominal nerve	
AbN1(R)	FBbt:00004105	adult first abdominal nerve	
AbN2(L)	FBbt:00004106	adult second abdominal nerve	
AbN2(R)	FBbt:00004106	adult second abdominal nerve	
AbN3(L)	FBbt:00004107	adult third abdominal nerve	
AbN3(R)	FBbt:00004107	adult third abdominal nerve	
AbN4(L)	FBbt:00004108	adult fourth abdominal nerve	
AbN4(R)	FBbt:00004108	adult fourth abdominal nerve	
AbNT(L)	FBbt:00004099	adult abdominal nerve trunk	
AbNT(R)	FBbt:00004099	adult abdominal nerve trunk	
BU(L)	FBbt:00003682	bulb	
BU(R)	FBbt:00003682	bulb	
CA(L)	FBbt:00003685	mushroom body calyx	
CA(R)	FBbt:00003685	mushroom body calyx	
CAN(L)	FBbt:00045051	cantle	
CAN(R)	FBbt:00045051	cantle	
CRE(-ROB)(-RUB)(L)	FBbt:00045037	adult crepine	
CRE(-ROB)(-RUB)(R)	FBbt:00045037	adult crepine	
CRE(L)	FBbt:00045037	adult crepine	
CRE(R)	FBbt:00045037	adult crepine	
CRN			
CV	FBbt:00004019	adult cervical connective	
CV-unspecified			
CX	FBbt:00003632	adult central complex	
CentralBrain	FBbt:00047887	adult central brain	
CentralBrain-unspecified			
CvN(L)	FBbt:00004053	adult cervical nerve	
CvN(R)	FBbt:00004053	adult cervical nerve	
DMetaN(L)	FBbt:00004094	adult dorsal metathoracic nerve	
DMetaN(R)	FBbt:00004094	adult dorsal metathoracic nerve	
DProN(L)	FBbt:00004055	adult dorsal prothoracic nerve	
DProN(R)	FBbt:00004055	adult dorsal prothoracic nerve	
EB	FBbt:00003678	ellipsoid body	
EBr1	FBbt:00007555	ellipsoid body inner posterior domain	
EBr2r4	FBbt:00007556	ellipsoid body outer central domain	
EBr3am	FBbt:00007553	ellipsoid body inner central domain	
EBr3d	FBbt:00007553	ellipsoid body inner central domain	
EBr3pw	FBbt:00007553	ellipsoid body inner central domain	
EBr5	FBbt:00047034	ellipsoid body anterior domain	
EBr6	FBbt:00007554	ellipsoid body outer posterior domain	
EPA(L)	FBbt:00040040	epaulette	
EPA(R)	FBbt:00040040	epaulette	
FB	FBbt:00003679	fan-shaped body	
FBl1	FBbt:00007487	fan-shaped body layer 1	
FBl2	FBbt:00007488	fan-shaped body layer 2	
FBl3	FBbt:00007490	fan-shaped body layer 3	
FBl4	FBbt:00007491	fan-shaped body layer 4	
FBl5	FBbt:00007492	fan-shaped body layer 5	
FBl6	FBbt:00007493	fan-shaped body layer 6	
FBl7	FBbt:00110655	fan-shaped body layer 7	
FBl8	FBbt:00110656	fan-shaped body layer 8	
FBl9	FBbt:00047032	fan-shaped body layer 9	
FLA(L)	FBbt:00045050	flange	
FLA(R)	FBbt:00045050	flange	
GA(L)	FBbt:00040060	gall	
GA(R)	FBbt:00040060	gall	
GNG	FBbt:00004013	gnathal ganglion	
GOR(L)	FBbt:00040039	gorget	
GOR(R)	FBbt:00040039	gorget	
HTct(UTct-T3)(L)	FBbt:00047138	haltere neuropil	
HTct(UTct-T3)(R)	FBbt:00047138	haltere neuropil	
IB	FBbt:00040050	inferior bridge	
ICL(L)	FBbt:00040049	inferior clamp	
ICL(R)	FBbt:00040049	inferior clamp	
INP	FBbt:00040037	inferior neuropils	
IPS(L)	FBbt:00045046	inferior posterior slope	
IPS(R)	FBbt:00045046	inferior posterior slope	
IntTct	FBbt:00047519	intermediate tectulum	
LA(L)	FBbt:00003708	lamina	
LA(R)	FBbt:00003708	lamina	
LAL(-GA)(L)	FBbt:00003681	adult lateral accessory lobe	
LAL(-GA)(R)	FBbt:00003681	adult lateral accessory lobe	
LAL(L)	FBbt:00003681	adult lateral accessory lobe	
LAL(R)	FBbt:00003681	adult lateral accessory lobe	
LH(L)	FBbt:00007053	adult lateral horn	
LH(R)	FBbt:00007053	adult lateral horn	
LO(L)	FBbt:00003852	lobula	
LO(R)	FBbt:00003852	lobula	
LOP(L)	FBbt:00003885	lobula plate	
LOP(R)	FBbt:00003885	lobula plate	
LOP_L_layer_1	FBbt:00003886	lobula plate layer 1	
LOP_L_layer_2	FBbt:00003887	lobula plate layer 2	
LOP_L_layer_3	FBbt:00003888	lobula plate layer 3	
LOP_L_layer_4	FBbt:00003889	lobula plate layer 4	
LOP_R_layer_1	FBbt:00003886	lobula plate layer 1	
LOP_R_layer_2	FBbt:00003887	lobula plate layer 2	
LOP_R_layer_3	FBbt:00003888	lobula plate layer 3	
LOP_R_layer_4	FBbt:00003889	lobula plate layer 4	
LO_L_layer_1	FBbt:00003853	lobula layer 1	
LO_L_layer_2	FBbt:00003854	lobula layer 2	
LO_L_layer_3	FBbt:00003855	lobula layer 3	
LO_L_layer_4	FBbt:00003856	lobula layer 4	
LO_L_layer_5	FBbt:00111743	lobula layer 5A	
LO_L_layer_6	FBbt:00111744	lobula layer 5B	
LO_L_layer_7	FBbt:00040017	lobula layer 6	
LO_R_layer_1	FBbt:00003853	lobula layer 1	
LO_R_layer_2	FBbt:00003854	lobula layer 2	
LO_R_layer_3	FBbt:00003855	lobula layer 3	
LO_R_layer_4	FBbt:00003856	lobula layer 4	
LO_R_layer_5	FBbt:00111743	lobula layer 5A	
LO_R_layer_6	FBbt:00111744	lobula layer 5B	
LO_R_layer_7	FBbt:00040017	lobula layer 6	
LTct	FBbt:00047174	lower tectulum	
LX(L)	FBbt:00040001	lateral complex	
LX(R)	FBbt:00040001	lateral complex	
LegNp(T1)(L)	FBbt:00047140	adult T1 leg neuropil	
LegNp(T1)(R)	FBbt:00047140	adult T1 leg neuropil	
LegNp(T2)(L)	FBbt:00047141	adult T2 leg neuropil	
LegNp(T2)(R)	FBbt:00047141	adult T2 leg neuropil	
LegNp(T3)(L)	FBbt:00047142	adult T3 leg neuropil	
LegNp(T3)(R)	FBbt:00047142	adult T3 leg neuropil	
MB(L)	FBbt:00005801	adult mushroom body	
MB(R)	FBbt:00005801	adult mushroom body	
ME(L)	FBbt:00003748	medulla	
ME(R)	FBbt:00003748	medulla	
ME_L_layer_01	FBbt:00003750	medulla layer M1	
ME_L_layer_02	FBbt:00003751	medulla layer M2	
ME_L_layer_03	FBbt:00003752	medulla layer M3	
ME_L_layer_04	FBbt:00003753	medulla layer M4	
ME_L_layer_05	FBbt:00003754	medulla layer M5	
ME_L_layer_06	FBbt:00003755	medulla layer M6	
ME_L_layer_07	FBbt:00003756	medulla serpentine layer	
ME_L_layer_08	FBbt:00003758	medulla layer M8	
ME_L_layer_09	FBbt:00003759	medulla layer M9	
ME_L_layer_10	FBbt:00003760	medulla layer M10	
ME_R_layer_01	FBbt:00003750	medulla layer M1	
ME_R_layer_02	FBbt:00003751	medulla layer M2	
ME_R_layer_03	FBbt:00003752	medulla layer M3	
ME_R_layer_04	FBbt:00003753	medulla layer M4	
ME_R_layer_05	FBbt:00003754	medulla layer M5	
ME_R_layer_06	FBbt:00003755	medulla layer M6	
ME_R_layer_07	FBbt:00003756	medulla serpentine layer	
ME_R_layer_08	FBbt:00003758	medulla layer M8	
ME_R_layer_09	FBbt:00003759	medulla layer M9	
ME_R_layer_10	FBbt:00003760	medulla layer M10	
MesoAN(L)	FBbt:00004062	adult mesothoracic accessory nerve	
MesoAN(R)	FBbt:00004062	adult mesothoracic accessory nerve	
MesoLN(L)	FBbt:00004063	adult mesothoracic leg nerve	
MesoLN(R)	FBbt:00004063	adult mesothoracic leg nerve	
MetaLN(L)	FBbt:00004096	adult metathoracic leg nerve	
MetaLN(R)	FBbt:00004096	adult metathoracic leg nerve	
NO	FBbt:00003680	nodulus	
NO1(L)	FBbt:00111052	nodulus 1	
NO1(R)	FBbt:00111052	nodulus 1	
NO2(L)	FBbt:00111053	nodulus 2	
NO2(R)	FBbt:00111053	nodulus 2	
NO3(L)	FBbt:00111054	nodulus 3	
NO3(R)	FBbt:00111054	nodulus 3	
NTct(UTct-T1)(L)	FBbt:00047173	neck neuropil	
NTct(UTct-T1)(R)	FBbt:00047173	neck neuropil	
Optic(L)	FBbt:00003701	adult optic lobe	
Optic(R)	FBbt:00003701	adult optic lobe	
Optic-unspecified(L)			
Optic-unspecified(R)			
Ov(L)	FBbt:00004091	adult accessory mesothoracic neuropil	
Ov(R)	FBbt:00004091	adult accessory mesothoracic neuropil	
PB	FBbt:00003668	protocerebral bridge	
PB(L1)	FBbt:00111511	protocerebral bridge glomerulus 1	
PB(L2)	FBbt:00003670	protocerebral bridge glomerulus 2	
PB(L3)	FBbt:00003671	protocerebral bridge glomerulus 3	
PB(L4)	FBbt:00003672	protocerebral bridge glomerulus 4	
PB(L5)	FBbt:00003673	protocerebral bridge glomerulus 5	
PB(L6)	FBbt:00003674	protocerebral bridge glomerulus 6	
PB(L7)	FBbt:00003675	protocerebral bridge glomerulus 7	
PB(L8)	FBbt:00003676	protocerebral bridge glomerulus 8	
PB(L9)	FBbt:00003677	protocerebral bridge glomerulus 9	
PB(R1)	FBbt:00111511	protocerebral bridge glomerulus 1	
PB(R2)	FBbt:00003670	protocerebral bridge glomerulus 2	
PB(R3)	FBbt:00003671	protocerebral bridge glomerulus 3	
PB(R4)	FBbt:00003672	protocerebral bridge glomerulus 4	
PB(R5)	FBbt:00003673	protocerebral bridge glomerulus 5	
PB(R6)	FBbt:00003674	protocerebral bridge glomerulus 6	
PB(R7)	FBbt:00003675	protocerebral bridge glomerulus 7	
PB(R8)	FBbt:00003676	protocerebral bridge glomerulus 8	
PB(R9)	FBbt:00003677	protocerebral bridge glomerulus 9	
PDMN(L)	FBbt:00004061	adult posterior dorsal mesothoracic nerve	
PDMN(R)	FBbt:00004061	adult posterior dorsal mesothoracic nerve	
PED(L)	FBbt:00003687	mushroom body pedunculus	
PED(R)	FBbt:00003687	mushroom body pedunculus	
PENP	FBbt:00045047	adult periesophageal neuropils	
PLP(L)	FBbt:00040044	posterior lateral protocerebrum	
PLP(R)	FBbt:00040044	posterior lateral protocerebrum	
PRW	FBbt:00040051	prow	
PVLP(L)	FBbt:00040042	posterior ventrolateral protocerebrum	
PVLP(R)	FBbt:00040042	posterior ventrolateral protocerebrum	
PrN(L)	FBbt:00007654	adult prosternal nerve	
PrN(R)	FBbt:00007654	adult prosternal nerve	
ProAN(L)	FBbt:00004056	adult prothoracic accessory nerve	
ProAN(R)	FBbt:00004056	adult prothoracic accessory nerve	
ProCN(L)	FBbt:00049893	adult prothoracic chordotonal nerve	
ProCN(R)	FBbt:00049893	adult prothoracic chordotonal nerve	
ProLN(L)	FBbt:00007657	adult prothoracic leg nerve	
ProLN(R)	FBbt:00007657	adult prothoracic leg nerve	
ROB(L)	FBbt:00048509	adult round body	
ROB(R)	FBbt:00048509	adult round body	
RUB(L)	FBbt:00040038	rubus	
RUB(R)	FBbt:00040038	rubus	
SAD	FBbt:00045048	saddle	
SAD(-AMMC)	FBbt:00045048	saddle	
SCL(L)	FBbt:00040048	superior clamp	
SCL(R)	FBbt:00040048	superior clamp	
SIP(L)	FBbt:00045032	superior intermediate protocerebrum	
SIP(R)	FBbt:00045032	superior intermediate protocerebrum	
SLP(L)	FBbt:00007054	superior lateral protocerebrum	
SLP(R)	FBbt:00007054	superior lateral protocerebrum	
SMP(L)	FBbt:00007055	superior medial protocerebrum	
SMP(R)	FBbt:00007055	superior medial protocerebrum	
SNP(L)	FBbt:00045030	superior neuropils	
SNP(R)	FBbt:00045030	superior neuropils	
SPS(L)	FBbt:00045040	superior posterior slope	
SPS(R)	FBbt:00045040	superior posterior slope	
VES(L)	FBbt:00040041	vest	
VES(R)	FBbt:00040041	vest	
VLNP(L)	FBbt:00045021	ventrolateral neuropils	
VLNP(R)	FBbt:00045021	ventrolateral neuropils	
VMNP	FBbt:00040002	ventromedial neuropils	
VNC	FBbt:00004052	adult ventral nerve cord	
VNC-unspecified			
VProN(L)	FBbt:00004057	adult ventral prothoracic nerve	
VProN(R)	FBbt:00004057	adult ventral prothoracic nerve	
WED(L)	FBbt:00045027	wedge	
WED(R)	FBbt:00045027	wedge	
WTct(UTct-T2)(L)	FBbt:00047137	wing neuropil	
WTct(UTct-T2)(R)	FBbt:00047137	wing neuropil	
a'1(L)	FBbt:00100282	mushroom body alpha' lobe slice 1	
a'1(R)	FBbt:00100282	mushroom body alpha' lobe slice 1	
a'2(L)	FBbt:00100283	mushroom body alpha' lobe slice 2	
a'2(R)	FBbt:00100283	mushroom body alpha' lobe slice 2	
a'3(L)	FBbt:00100284	mushroom body alpha' lobe slice 3	
a'3(R)	FBbt:00100284	mushroom body alpha' lobe slice 3	
a'L(L)	FBbt:00013691	adult mushroom body alpha'-lobe	
a'L(R)	FBbt:00013691	adult mushroom body alpha'-lobe	
a1(L)	FBbt:00100285	mushroom body alpha lobe slice 1	
a1(R)	FBbt:00100285	mushroom body alpha lobe slice 1	
a2(L)	FBbt:00100286	mushroom body alpha lobe slice 2	
a2(R)	FBbt:00100286	mushroom body alpha lobe slice 2	
a3(L)	FBbt:00100287	mushroom body alpha lobe slice 3	
a3(R)	FBbt:00100287	mushroom body alpha lobe slice 3	
aL(L)	FBbt:00110657	adult mushroom body alpha-lobe	
aL(R)	FBbt:00110657	adult mushroom body alpha-lobe	
b'1(L)	FBbt:00100278	mushroom body beta' lobe slice 1	
b'1(R)	FBbt:00100278	mushroom body beta' lobe slice 1	
b'2(L)	FBbt:00100279	mushroom body beta' lobe slice 2	
b'2(R)	FBbt:00100279	mushroom body beta' lobe slice 2	
b'L(L)	FBbt:00013694	adult mushroom body beta'-lobe	
b'L(R)	FBbt:00013694	adult mushroom body beta'-lobe	
b1(L)	FBbt:00100280	mushroom body beta lobe slice 1	
b1(R)	FBbt:00100280	mushroom body beta lobe slice 1	
b2(L)	FBbt:00100281	mushroom body beta lobe slice 2	
b2(R)	FBbt:00100281	mushroom body beta lobe slice 2	
bL(L)	FBbt:00110658	adult mushroom body beta-lobe	
bL(R)	FBbt:00110658	adult mushroom body beta-lobe	
g1(L)	FBbt:00100273	mushroom body gamma lobe slice 1	
g1(R)	FBbt:00100273	mushroom body gamma lobe slice 1	
g2(L)	FBbt:00100274	mushroom body gamma lobe slice 2	
g2(R)	FBbt:00100274	mushroom body gamma lobe slice 2	
g3(L)	FBbt:00100275	mushroom body gamma lobe slice 3	
g3(R)	FBbt:00100275	mushroom body gamma lobe slice 3	
g4(L)	FBbt:00100276	mushroom body gamma lobe slice 4	
g4(R)	FBbt:00100276	mushroom body gamma lobe slice 4	
g5(L)	FBbt:00100277	mushroom body gamma lobe slice 5	
g5(R)	FBbt:00100277	mushroom body gamma lobe slice 5	
gL(L)	FBbt:00013695	adult mushroom body gamma-lobe	
gL(R)	FBbt:00013695	adult mushroom body gamma-lobe	
gL-unspecified(L)			
gL-unspecified(R)			
mVAC(T1)(L)	FBbt:00047176	medial ventral association center	
mVAC(T1)(R)	FBbt:00047176	medial ventral association center	
mVAC(T2)(L)	FBbt:00047176	medial ventral association center	
mVAC(T2)(R)	FBbt:00047176	medial ventral association center	
mVAC(T3)(L)	FBbt:00047176	medial ventral association center	
mVAC(T3)(R)	FBbt:00047176	medial ventral association center	
